Customer ID,Recence,Frequence,Montant,Churn
12346.0,141,12,77556.46,1
12347.0,62,4,2434.96,0
12348.0,64,4,1709.3999999999999,0
12349.0,223,3,2671.14,0
12350.0,126,1,334.40000000000003,1
12351.0,191,1,300.93,1
12352.0,78,7,1905.6100000000001,0
12353.0,20,2,406.76,1
12354.0,48,1,1079.4,1
12355.0,30,2,947.61,1
12356.0,61,5,6313.38,0
12357.0,204,2,12079.99,0
12358.0,191,3,2719.01,0
12359.0,5,9,6059.09,0
12360.0,16,6,2674.41,0
12361.0,103,4,511.25,1
12362.0,41,3,1104.34,0
12363.0,58,1,299.1,0
12365.0,107,2,641.38,1
12366.0,449,1,500.24,1
12368.0,444,1,917.7,1
12369.0,229,3,1791.15,1
12370.0,90,6,3577.28,0
12371.0,225,3,2179.42,0
12372.0,28,2,914.9200000000001,0
12373.0,127,3,1127.65,1
12374.0,237,3,2246.29,0
12376.0,205,2,503.15,1
12377.0,131,4,3426.32,1
12378.0,378,1,1407.7,0
12379.0,238,2,767.98,0
12380.0,1,8,7559.04,0
12383.0,0,5,1850.56,1
12385.0,195,1,1938.4,1
12386.0,153,2,401.9,1
12387.0,231,1,143.94,1
12388.0,91,5,1886.7,0
12389.0,218,3,1433.33,1
12391.0,280,5,2285.18,0
12392.0,407,1,234.75000000000003,1
12393.0,61,5,1877.95,0
12394.0,33,1,381.08,0
12395.0,27,9,3272.26,0
12396.0,490,1,931.4300000000001,1
12399.0,29,5,1622.6,0
12400.0,230,1,205.25,1
12401.0,119,1,84.3,1
12402.0,139,6,1256.9,1
12403.0,337,1,591.6600000000001,0
12404.0,498,1,63.24,1
12406.0,215,3,2975.06,0
12407.0,51,2,495.96,0
12408.0,76,5,2289.81,0
12409.0,236,4,12346.62,0
12410.0,124,3,1013.71,1
12411.0,225,1,346.9,1
12412.0,218,3,1370.05,0
12413.0,52,3,805.25,0
12414.0,33,6,952.4100000000001,1
12415.0,19,14,70427.74,0
12416.0,472,1,202.56,1
12417.0,3,16,5046.58,0
12418.0,229,3,1352.62,0
12419.0,201,2,503.01,1
12421.0,135,3,449.01,0
12422.0,140,15,4666.74,0
12423.0,7,8,2214.77,0
12424.0,238,2,1579.07,0
12425.0,264,1,964.21,0
12426.0,10,2,1345.21,1
12427.0,187,1,303.5,0
12428.0,58,6,6310.54,0
12429.0,43,6,4173.49,0
12431.0,16,19,7103.3,0
12433.0,182,5,7205.39,0
12434.0,76,2,583.54,0
12435.0,83,5,10075.03,0
12437.0,14,29,9707.08,0
12439.0,498,2,1142.88,1
12440.0,278,2,859.2,1
12441.0,182,1,173.55,1
12443.0,548,1,485.31,1
12445.0,236,1,301.58000000000004,0
12447.0,59,1,476.49,1
12449.0,3,3,1627.53,0
12450.0,215,3,490.32,0
12451.0,34,5,8942.18,0
12454.0,211,4,13151.44,0
12455.0,5,7,5376.39,0
12456.0,70,1,940.1700000000001,0
12457.0,49,4,1699.93,0
12458.0,100,3,1272.01,0
12459.0,421,1,454.36,1
12460.0,272,1,326.65,1
12462.0,119,1,762.11,0
12463.0,22,2,647.95,0
12464.0,16,4,544.85,0
12466.0,498,1,56.73,1
12467.0,239,1,132.8,1
12468.0,3,5,3670.7400000000002,1
12469.0,338,2,3070.54,1
12470.0,505,1,211.95,1
12471.0,26,62,28491.46,0
12472.0,83,15,12726.02,0
12473.0,7,1,661.69,0
12474.0,16,21,7767.79,0
12475.0,225,1,426.26,0
12476.0,34,17,9712.59,0
12477.0,55,5,11633.6,0
12480.0,83,5,3770.4900000000002,0
12481.0,20,12,9689.74,0
12482.0,392,29,23691.4,1
12483.0,21,15,3606.86,0
12484.0,152,7,2965.4500000000003,0
12485.0,345,1,708.1,1
12486.0,247,1,1037.28,1
12487.0,546,1,285.3,1
12489.0,152,1,334.93,1
12490.0,30,13,5601.43,0
12492.0,219,1,452.0,0
12493.0,13,1,232.5,0
12494.0,12,6,1284.81,0
12495.0,456,1,357.4,1
12496.0,436,2,45.34,1
12497.0,216,2,5205.400000000001,0
12499.0,376,1,393.72,1
12500.0,82,12,2907.59,0
12501.0,152,1,2169.39,1
12502.0,33,3,1842.65,0
12503.0,400,1,1126.0,1
12504.0,233,2,297.0,0
12505.0,224,1,955.2,1
12506.0,48,1,73.5,1
12507.0,114,2,985.41,0
12509.0,100,1,176.5,1
12510.0,141,8,4876.5,0
12511.0,244,1,3084.02,1
12514.0,83,2,1597.76,1
12515.0,169,1,383.7,1
12516.0,246,2,1336.56,0
12517.0,6,1,749.7,0
12519.0,292,1,385.70000000000005,0
12520.0,20,3,1697.56,0
12523.0,68,16,3062.77,0
12524.0,20,14,9473.77,0
12525.0,314,3,973.73,1
12527.0,110,4,671.72,0
12528.0,92,2,771.66,0
12529.0,344,1,316.48,1
12530.0,49,7,2901.98,0
12531.0,502,1,1807.98,0
12533.0,443,2,1367.89,1
12535.0,2,1,371.45,0
12537.0,224,1,732.94,1
12538.0,194,1,276.5,0
12539.0,78,6,10164.09,0
12540.0,2,23,15356.77,0
12541.0,96,1,312.4,0
12542.0,300,2,481.88,1
12543.0,264,1,980.25,1
12545.0,75,1,628.15,0
12547.0,13,3,383.58,1
12549.0,391,6,1575.68,1
12551.0,173,1,168.0,1
12553.0,20,7,2651.09,0
12554.0,264,1,468.5,1
12555.0,498,1,129.23,1
12557.0,72,6,10959.800000000001,0
12559.0,126,2,561.71,1
12561.0,118,1,238.85,1
12562.0,14,3,1630.14,0
12563.0,224,1,249.24,1
12564.0,77,1,456.90000000000003,1
12565.0,104,1,145.92000000000002,1
12567.0,0,11,6823.2,0
12568.0,460,1,70.0,1
12569.0,34,5,1164.32,0
12570.0,498,1,77.52,1
12573.0,43,5,717.41,1
12574.0,131,1,218.45000000000002,1
12575.0,273,2,622.82,1
12576.0,34,5,1248.54,0
12577.0,175,6,1186.3899999999999,0
12578.0,146,3,3456.6,0
12580.0,62,2,1052.9,1
12582.0,54,4,1980.4,1
12583.0,16,17,9352.59,0
12584.0,1,2,622.74,0
12585.0,50,2,2040.1,1
12586.0,190,3,1865.73,0
12588.0,215,3,743.88,0
12589.0,237,6,4048.98,0
12590.0,27,2,9864.26,1
12591.0,133,3,1338.95,1
12592.0,29,4,2376.86,0
12593.0,34,1,236.0,0
12594.0,8,11,3516.88,0
12595.0,320,1,299.02,1
12596.0,58,1,269.95,0
12597.0,84,1,516.15,0
12598.0,36,6,2796.75,0
12599.0,24,9,1728.0,0
12600.0,20,17,3684.34,0
12601.0,5,6,681.26,1
12604.0,77,1,178.5,0
12605.0,192,4,1232.95,1
12606.0,498,1,21.0,1
12608.0,220,1,415.79,1
12609.0,2,8,3109.7400000000002,0
12613.0,13,9,4935.51,0
12614.0,93,1,315.6,1
12615.0,229,4,3449.79,0
12616.0,113,2,673.4,0
12619.0,50,3,771.8,0
12620.0,20,1,561.66,0
12621.0,16,25,17977.35,0
12622.0,48,1,180.1,1
12623.0,92,7,3747.84,1
12625.0,27,4,5164.88,1
12626.0,132,2,1274.1000000000001,0
12629.0,201,2,1558.22,1
12631.0,272,5,2841.07,0
12632.0,336,2,804.88,1
12633.0,12,5,5243.7300000000005,0
12634.0,351,2,490.0,1
12635.0,208,2,1241.23,0
12636.0,554,1,141.0,1
12637.0,55,8,4668.06,0
12638.0,455,1,249.8,0
12639.0,54,3,1312.3700000000001,1
12643.0,36,9,6372.1,0
12644.0,246,3,1440.58,0
12645.0,35,6,2563.02,0
12647.0,15,31,15535.04,0
12648.0,253,3,793.95,0
12649.0,28,6,2046.14,0
12651.0,150,4,377.75,1
12652.0,147,2,1017.0300000000001,1
12653.0,112,2,2730.08,0
12654.0,13,3,337.75,0
12655.0,239,1,261.35,1
12656.0,19,5,4016.26,0
12661.0,252,1,162.0,1
12662.0,3,14,4714.84,0
12663.0,440,2,239.4,1
12664.0,48,4,2491.74,0
12665.0,140,3,313.6,1
12666.0,210,1,1248.42,1
12668.0,75,9,10500.35,0
12669.0,64,2,2272.6,0
12670.0,15,4,1790.63,0
12671.0,422,1,2622.481,1
12672.0,145,2,437.05,1
12673.0,142,2,840.4,0
12674.0,23,1,586.74,0
12675.0,369,2,957.25,1
12676.0,6,8,2340.65,0
12677.0,371,2,395.1,1
12678.0,3,15,22544.08,0
12679.0,21,2,906.38,0
12681.0,3,36,24802.06,0
12682.0,8,32,15947.69,0
12683.0,0,16,8244.06,0
12684.0,13,3,917.1,0
12686.0,187,1,89.14,1
12687.0,296,2,2138.91,1
12690.0,21,1,389.01,1
12691.0,134,4,540.8,0
12692.0,453,1,110.95,1
12693.0,27,6,1477.88,0
12694.0,237,1,973.68,0
12695.0,26,4,914.27,0
12696.0,250,2,851.91,1
12698.0,406,1,339.75,1
12699.0,233,1,638.11,1
12700.0,31,1,1092.43,0
12701.0,58,5,1985.78,0
12703.0,449,3,722.98,0
12705.0,17,8,8057.91,0
12707.0,107,1,603.42,1
12708.0,16,13,3742.92,0
12709.0,6,27,25708.37,0
12710.0,17,1,718.96,0
12711.0,427,2,1339.05,1
12712.0,16,16,4594.38,0
12714.0,22,9,11146.77,0
12717.0,61,2,887.6700000000001,0
12720.0,8,15,4347.32,0
12721.0,62,5,2464.77,0
12724.0,148,4,1441.01,0
12725.0,187,4,2266.76,1
12726.0,0,9,2872.8199999999997,0
12727.0,3,8,4499.2300000000005,0
12728.0,73,4,851.15,0
12730.0,337,1,829.25,1
12731.0,28,11,15109.89,0
12733.0,50,4,2424.87,1
12734.0,168,3,639.65,1
12735.0,131,2,779.5699999999999,1
12736.0,148,1,234.0,1
12737.0,314,2,3710.5,1
12738.0,188,1,155.35,1
12739.0,201,2,1713.69,0
12741.0,345,2,406.07,1
12742.0,441,1,1201.52,1
12744.0,64,8,14300.42,0
12745.0,302,3,925.41,1
12746.0,356,1,254.55,1
12747.0,14,21,6793.87,0
12748.0,0,218,30352.64,0
12749.0,29,5,3665.58,0
12751.0,260,1,268.27,1
12753.0,64,4,12940.51,0
12754.0,51,3,3010.74,1
12755.0,96,11,5236.26,1
12757.0,1,6,4445.43,0
12758.0,92,6,8681.84,0
12759.0,91,6,3934.1,0
12760.0,271,1,347.8,1
12761.0,273,2,782.95,1
12763.0,185,1,320.08,0
12764.0,132,1,1693.88,1
12765.0,288,6,1404.58,1
12766.0,56,6,5945.070000000001,0
12767.0,191,1,949.82,1
12768.0,266,1,168.69,1
12769.0,54,1,1143.6,1
12770.0,26,2,3246.45,1
12771.0,301,1,282.3,1
12773.0,380,1,124.25,1
12774.0,351,1,98.7,1
12775.0,5,6,1464.76,0
12776.0,483,1,55.5,1
12777.0,273,1,519.45,1
12778.0,75,6,1361.51,0
12779.0,5,13,5492.16,0
12780.0,414,1,337.4,1
12781.0,100,1,549.26,0
12782.0,69,9,3850.27,0
12784.0,345,1,1230.33,0
12785.0,180,3,1100.4,1
12786.0,425,1,728.5000000000001,1
12787.0,8,2,556.62,0
12788.0,279,4,444.90000000000003,1
12789.0,328,2,181.5,0
12790.0,8,2,591.85,1
12791.0,189,6,863.51,1
12792.0,72,2,827.01,1
12793.0,150,3,885.53,1
12796.0,444,1,381.0,1
12797.0,181,2,552.08,1
12798.0,237,1,1533.89,0
12799.0,345,1,219.35,1
12800.0,286,3,584.25,1
12801.0,316,1,1071.82,1
12802.0,2,7,2416.42,1
12803.0,209,1,1092.81,1
12804.0,281,2,325.37,1
12805.0,197,4,1434.95,1
12806.0,251,4,2878.96,1
12807.0,199,1,330.35,1
12808.0,0,4,574.4,0
12809.0,381,2,1266.63,0
12810.0,350,2,534.99,1
12811.0,76,5,1033.9,1
12813.0,317,3,1687.8,1
12815.0,14,1,615.36,0
12817.0,97,3,690.98,1
12818.0,77,1,1542.08,1
12819.0,274,1,540.52,1
12820.0,142,8,1917.64,0
12821.0,30,2,220.8,1
12823.0,70,16,5736.5,0
12825.0,337,2,518.63,1
12826.0,132,8,2023.13,0
12829.0,152,3,385.3,1
12831.0,78,3,451.11,1
12834.0,98,1,312.38,1
12835.0,243,41,5996.83,1
12836.0,35,13,5610.77,0
12837.0,385,1,528.5600000000001,0
12838.0,189,9,2694.75,0
12839.0,14,16,5473.59,0
12840.0,30,5,2893.17,0
12841.0,38,27,4906.35,0
12842.0,124,3,1109.73,0
12843.0,2,26,5952.61,0
12844.0,258,2,322.64,0
12845.0,83,4,354.09000000000003,1
12846.0,498,1,15.58,1
12847.0,203,1,765.36,0
12848.0,491,1,208.0,1
12849.0,84,5,2701.03,0
12850.0,261,1,330.0,1
12851.0,293,1,148.95,0
12852.0,110,1,311.55,1
12853.0,55,8,2835.4,0
12854.0,57,6,2465.09,0
12855.0,188,4,612.84,1
12857.0,26,6,3688.0,1
12858.0,199,1,147.27,1
12859.0,274,1,575.1,1
12860.0,509,1,54.22,1
12861.0,435,1,68.25,1
12862.0,241,2,984.62,1
12863.0,195,5,2271.35,0
12864.0,324,1,152.45,0
12865.0,194,2,1755.24,0
12866.0,99,3,1227.35,1
12867.0,30,10,5549.31,0
12868.0,1,8,2043.76,1
12869.0,497,1,337.66999999999996,1
12870.0,191,3,1676.95,1
12871.0,23,2,495.38,0
12872.0,142,12,3283.96,1
12873.0,98,3,2027.3,1
12874.0,201,2,948.42,1
12875.0,178,4,1307.5200000000002,0
12876.0,12,3,2590.2,0
12877.0,16,15,2088.4100000000003,0
12878.0,52,2,854.99,1
12880.0,197,2,640.13,1
12881.0,91,1,298.0,1
12886.0,35,1,775.0,0
12887.0,199,1,222.4,1
12888.0,30,2,354.12,1
12889.0,197,4,385.46000000000004,1
12890.0,203,1,329.3,0
12891.0,1,11,840.5,1
12892.0,212,1,263.38,1
12894.0,391,1,157.35,1
12897.0,20,4,514.25,1
12898.0,279,2,296.21,1
12899.0,229,1,366.4,1
12900.0,238,1,340.33000000000004,1
12901.0,0,12,8061.8,0
12902.0,80,1,138.68,1
12903.0,244,1,833.5300000000001,1
12905.0,392,2,1018.42,1
12907.0,211,2,508.91,1
12908.0,128,4,1344.0,0
12909.0,17,6,2452.89,0
12910.0,13,8,3863.98,0
12911.0,367,1,1651.72,1
12913.0,98,11,4666.0,0
12914.0,216,1,223.98,1
12915.0,188,3,811.1,0
12916.0,17,6,3786.36,0
12917.0,216,5,3765.2,0
12918.0,442,1,10953.5,1
12920.0,387,3,323.86,0
12921.0,0,52,24717.47,0
12923.0,206,2,597.6,0
12924.0,14,11,2190.97,0
12925.0,408,1,35.28,0
12926.0,227,4,1523.97,1
12927.0,210,1,197.31,1
12928.0,57,9,3022.23,0
12929.0,127,1,117.85,1
12931.0,19,49,54212.08,0
12932.0,355,8,1698.56,1
12933.0,99,6,1139.85,0
12934.0,552,1,181.65,1
12935.0,19,10,2949.39,0
12937.0,13,7,2021.57,0
12939.0,89,15,20911.32,0
12941.0,540,1,377.49,1
12942.0,13,2,396.52000000000004,0
12943.0,374,2,496.5,1
12944.0,170,1,286.95,0
12945.0,104,2,900.11,1
12946.0,252,1,324.45,1
12947.0,50,3,1035.27,0
12948.0,30,5,1138.74,0
12949.0,22,17,13610.18,0
12951.0,20,13,2774.53,0
12953.0,338,1,498.96,0
12954.0,454,1,162.45,1
12955.0,19,3,697.42,0
12956.0,122,4,521.89,1
12957.0,2,9,6404.72,0
12958.0,216,2,467.34,1
12959.0,300,1,150.95,1
12960.0,229,4,1322.0700000000002,1
12961.0,195,1,211.99,1
12963.0,181,5,1744.96,0
12964.0,253,1,132.24,1
12967.0,174,3,2938.52,1
12969.0,418,1,122.45,1
12970.0,138,8,1071.93,0
12971.0,6,71,9374.03,0
12972.0,229,4,1161.2,1
12973.0,229,1,385.55,1
12974.0,13,2,408.95,1
12975.0,252,6,2100.09,1
12976.0,27,8,3156.38,1
12977.0,317,3,474.64,0
12978.0,201,5,2502.82,1
12979.0,545,1,517.7,1
12980.0,3,19,14329.86,0
12982.0,58,8,2744.81,1
12983.0,414,1,490.08,1
12986.0,244,10,2729.84,1
12987.0,13,4,1057.81,0
12988.0,108,1,505.82,1
12989.0,16,25,9955.58,0
12990.0,1,6,809.9,0
12991.0,205,1,261.06,0
12992.0,541,1,93.35,1
12993.0,23,6,1020.17,0
12994.0,84,1,352.6,0
12996.0,191,1,355.5,1
12997.0,52,6,1492.49,0
12998.0,308,3,920.08,1
12999.0,12,3,455.88,1
13000.0,75,3,956.1800000000001,0
13001.0,0,30,22069.18,0
13002.0,134,3,414.13,1
13003.0,30,1,59.050000000000004,0
13004.0,30,25,8442.96,0
13005.0,62,3,807.63,0
13007.0,395,1,175.25,1
13008.0,139,3,612.13,1
13009.0,488,1,234.0,1
13010.0,190,2,330.12,1
13011.0,188,1,50.550000000000004,1
13012.0,29,6,2018.38,0
13013.0,28,20,8658.78,0
13014.0,36,4,3242.83,0
13015.0,13,10,5003.18,0
13018.0,12,18,6159.42,0
13019.0,195,6,1229.95,1
13020.0,378,2,618.96,1
13021.0,31,11,3035.86,0
13022.0,245,1,65.3,1
13023.0,344,1,759.13,0
13024.0,286,2,555.87,1
13025.0,547,1,323.39,1
13026.0,36,6,1001.44,0
13027.0,49,16,14167.2,0
13029.0,169,3,1062.3,0
13030.0,184,1,402.36,0
13031.0,223,5,3292.84,1
13032.0,208,7,1805.78,0
13033.0,173,2,220.55,1
13034.0,185,2,279.91,0
13035.0,76,2,775.32,0
13036.0,500,1,307.1,1
13037.0,35,11,3611.2000000000003,0
13038.0,106,1,395.1,0
13039.0,400,4,1010.73,1
13041.0,266,4,799.13,1
13042.0,414,3,1488.59,1
13043.0,89,1,516.42,1
13044.0,107,11,4848.05,1
13045.0,217,2,503.64,0
13046.0,82,2,517.66,0
13047.0,35,20,6862.67,0
13048.0,54,7,3153.14,0
13049.0,134,3,905.34,0
13050.0,1,28,9608.79,0
13051.0,394,2,155.8,1
13052.0,28,7,3119.33,1
13053.0,437,1,127.65,1
13055.0,29,2,1451.56,0
13056.0,367,1,209.48,1
13057.0,346,3,709.59,1
13059.0,65,10,2291.77,1
13060.0,69,1,307.53000000000003,1
13062.0,7,1,346.98,1
13063.0,296,1,188.4,1
13064.0,143,3,764.55,0
13065.0,189,5,1055.05,1
13067.0,225,2,393.05,0
13068.0,135,1,165.0,0
13069.0,5,29,7531.77,0
13070.0,8,4,751.7,1
13071.0,428,1,129.22,1
13072.0,82,1,177.15,1
13073.0,227,2,418.08,1
13074.0,327,4,1378.74,1
13076.0,273,1,135.4,1
13077.0,106,10,2588.82,0
13078.0,16,41,20857.28,0
13079.0,233,1,199.08,0
13080.0,217,3,222.65,0
13081.0,33,24,42964.5,0
13082.0,51,17,5682.3,0
13083.0,241,1,91.67999999999999,0
13084.0,307,1,122.39999999999999,1
13085.0,111,7,2295.3,0
13086.0,198,1,439.33000000000004,1
13087.0,542,1,313.64,1
13088.0,233,1,236.11,1
13089.0,1,160,84122.0,0
13090.0,54,17,7292.5199999999995,0
13091.0,545,2,1976.0,0
13092.0,27,11,2102.2,0
13093.0,91,55,54144.25,1
13094.0,7,9,1375.2,0
13096.0,210,1,419.7000000000001,1
13097.0,49,23,10323.04,0
13098.0,1,9,7734.97,0
13101.0,50,4,695.4,1
13102.0,14,28,8725.17,0
13103.0,253,2,465.70000000000005,0
13104.0,83,5,824.3399999999999,0
13105.0,252,1,72.0,1
13106.0,229,1,526.96,0
13107.0,149,6,4288.29,0
13108.0,188,2,748.46,1
13109.0,367,1,347.49,0
13110.0,73,8,2201.29,0
13111.0,534,1,321.88000000000005,1
13112.0,357,1,20.599999999999998,1
13113.0,8,29,14840.27,0
13114.0,546,1,234.38,1
13115.0,0,7,4078.4700000000003,0
13117.0,33,16,2022.12,0
13118.0,24,7,2017.3,0
13119.0,484,1,134.9,1
13120.0,54,1,30.6,1
13121.0,85,1,283.73,1
13122.0,56,1,903.6700000000001,0
13123.0,288,2,506.75,1
13124.0,68,3,3401.8,0
13125.0,339,1,148.62,1
13126.0,69,10,2752.59,0
13128.0,447,1,263.5,1
13129.0,268,2,233.25,1
13131.0,3,5,2565.37,0
13132.0,77,1,77.3,1
13133.0,89,3,200.45,1
13134.0,50,4,1207.3500000000001,0
13135.0,12,2,3371.45,1
13136.0,28,9,4241.41,0
13137.0,68,10,4831.09,0
13138.0,56,3,698.47,0
13139.0,31,3,4308.06,0
13140.0,182,3,790.71,0
13141.0,30,16,6668.36,0
13143.0,400,1,405.1,1
13144.0,148,2,135.35,1
13145.0,188,4,805.0,0
13148.0,48,20,6593.9400000000005,0
13149.0,105,1,376.74,0
13150.0,300,3,449.96999999999997,1
13151.0,111,3,2465.21,1
13152.0,233,7,2146.38,1
13154.0,215,3,1624.84,1
13155.0,142,4,967.9200000000001,0
13156.0,201,3,1586.54,1
13157.0,57,7,4444.08,0
13158.0,134,2,563.53,0
13161.0,129,2,472.13,1
13162.0,0,15,8892.64,0
13163.0,426,1,17.65,1
13164.0,385,2,372.2,1
13165.0,167,2,784.32,0
13166.0,99,2,875.93,1
13167.0,206,1,333.82,0
13168.0,15,4,1494.2,0
13169.0,68,2,632.4000000000001,0
13171.0,115,1,140.35,0
13172.0,216,1,69.6,1
13173.0,183,10,2212.11,0
13174.0,132,11,7286.6,0
13175.0,398,2,831.45,1
13177.0,246,1,229.75,0
13178.0,19,15,11052.92,0
13179.0,434,1,572.3100000000001,1
13180.0,423,1,86.10000000000001,1
13181.0,197,1,359.69,1
13183.0,24,9,4605.4800000000005,0
13184.0,0,5,919.97,0
13185.0,83,1,71.4,1
13187.0,153,4,341.36,1
13190.0,360,3,570.66,1
13191.0,474,1,164.69,1
13192.0,21,5,2110.96,0
13194.0,237,1,412.08,0
13195.0,230,1,136.73,1
13196.0,78,4,1783.19,0
13197.0,425,1,373.01000000000005,1
13198.0,65,5,3660.7400000000002,0
13199.0,13,45,9887.25,0
13201.0,318,4,1233.06,1
13202.0,210,7,1580.3,1
13203.0,58,7,1944.5,0
13204.0,547,1,966.6600000000001,1
13205.0,259,1,2803.2,1
13206.0,216,13,8308.19,1
13207.0,267,2,285.6,0
13208.0,22,6,1452.61,0
13209.0,43,8,4980.34,0
13211.0,177,8,1634.05,0
13213.0,15,8,2746.2200000000003,0
13214.0,233,7,3264.23,1
13215.0,218,1,81.6,1
13216.0,83,1,333.74,1
13217.0,471,1,132.5,0
13219.0,434,1,76.23,1
13220.0,1,4,1243.29,0
13221.0,56,2,847.41,1
13222.0,393,1,88.5,1
13223.0,16,6,969.12,1
13225.0,12,13,13538.11,0
13226.0,89,2,312.46,1
13227.0,17,1,257.7,1
13229.0,41,1,160.95,1
13230.0,17,25,5128.01,0
13232.0,12,3,674.9,0
13233.0,152,3,875.58,0
13234.0,488,2,346.5,1
13235.0,28,1,1031.07,1
13237.0,203,1,643.0,1
13238.0,176,3,397.05,0
13239.0,77,5,1594.69,1
13240.0,73,6,1254.55,0
13241.0,227,1,112.53,1
13242.0,29,6,533.0,0
13243.0,19,5,1220.38,1
13245.0,248,1,558.72,0
13246.0,22,9,3016.27,0
13248.0,5,1,387.47,0
13249.0,77,7,1189.36,0
13250.0,276,2,253.09,1
13251.0,218,1,252.68,1
13252.0,210,2,399.3,1
13253.0,155,3,2397.19,0
13254.0,192,1,51.41,1
13255.0,189,2,504.95,0
13257.0,252,1,149.75,1
13258.0,21,3,535.47,0
13259.0,213,8,1119.36,0
13261.0,84,2,944.1,1
13262.0,79,3,573.45,1
13263.0,7,19,4679.67,0
13264.0,258,1,722.5600000000001,1
13265.0,61,2,1124.88,0
13266.0,1,13,4127.21,0
13267.0,15,28,7118.46,0
13268.0,14,5,1810.34,0
13269.0,34,18,5239.32,0
13270.0,182,1,590.0,1
13274.0,225,1,360.85,1
13275.0,199,2,238.86,1
13276.0,213,3,1300.98,0
13277.0,196,3,264.9,0
13278.0,215,3,893.12,0
13280.0,132,6,2177.83,0
13281.0,255,1,350.85,1
13282.0,36,2,525.75,0
13283.0,1,3,305.2,0
13284.0,146,1,201.19,1
13285.0,42,4,1828.74,0
13286.0,416,1,734.91,1
13287.0,419,3,781.59,1
13288.0,259,5,927.61,1
13289.0,539,1,307.95,1
13290.0,254,1,208.63,1
13291.0,230,10,2909.68,0
13292.0,100,4,665.14,0
13293.0,208,6,1192.94,1
13294.0,5,3,1689.53,1
13295.0,175,4,1101.97,1
13296.0,239,5,705.11,0
13297.0,201,3,2278.77,0
13299.0,84,3,1218.7,1
13300.0,204,2,913.62,0
13301.0,38,2,327.77,0
13302.0,342,1,95.45,0
13303.0,216,1,61.72,1
13304.0,167,4,1217.99,1
13305.0,61,10,2255.8,0
13306.0,246,1,53.65,1
13307.0,303,2,258.34,0
13308.0,19,2,1099.81,0
13309.0,22,3,796.22,0
13310.0,22,4,1226.82,0
13312.0,267,1,124.75,1
13313.0,31,9,2499.7400000000002,0
13315.0,505,1,310.26000000000005,1
13316.0,70,7,8830.37,0
13317.0,14,18,5526.391,0
13319.0,2,45,15487.57,0
13320.0,29,4,1188.01,0
13324.0,19,15,7190.51,0
13326.0,248,1,281.76,1
13327.0,1,17,7379.06,0
13328.0,132,1,1308.48,1
13329.0,182,7,4323.97,0
13330.0,1,5,2383.39,0
13331.0,217,1,262.4,1
13333.0,227,3,1015.74,1
13334.0,6,4,5408.07,0
13337.0,362,1,1575.26,1
13338.0,357,3,1958.6,0
13339.0,16,1,860.12,1
13340.0,92,6,15042.11,0
13341.0,76,1,775.85,1
13344.0,93,1,1656.15,0
13345.0,103,1,389.5,1
13346.0,278,6,299.4,1
13357.0,73,5,3805.51,1
13358.0,84,1,439.03000000000003,1
13359.0,219,1,603.75,0
13360.0,247,4,1553.65,1
13361.0,288,2,1450.5,1
13362.0,61,5,3884.86,0
13363.0,225,1,731.36,0
13365.0,33,1,700.6,0
13367.0,247,1,510.2,1
13368.0,72,4,1121.5,1
13369.0,181,1,308.28000000000003,1
13370.0,187,1,754.87,1
13371.0,321,2,2297.66,1
13373.0,92,4,5262.64,0
13374.0,230,2,422.8,1
13375.0,260,1,1013.58,0
13376.0,19,2,770.0,0
13377.0,212,2,1552.88,1
13380.0,248,1,62.4,1
13381.0,23,8,5656.41,0
13382.0,96,5,1387.58,1
13383.0,359,1,305.28000000000003,1
13384.0,206,4,2528.9,0
13385.0,145,1,534.57,1
13386.0,230,2,835.46,1
13387.0,233,1,186.94,1
13388.0,419,1,508.55,0
13389.0,48,1,257.89,0
13391.0,19,1,59.8,1
13392.0,493,1,91.14,1
13393.0,399,4,1131.45,1
13394.0,30,14,5037.01,0
13395.0,1,3,1180.23,1
13396.0,135,1,387.27000000000004,0
13397.0,110,7,2249.51,0
13398.0,8,2,670.34,1
13399.0,280,3,275.4,1
13400.0,398,1,310.83,1
13402.0,188,3,913.9,0
13403.0,203,2,154.5,0
13404.0,28,1,217.81,0
13405.0,20,5,1198.81,0
13406.0,243,2,568.92,1
13407.0,394,3,2244.7,1
13408.0,6,70,33562.652,0
13410.0,3,7,1743.94,0
13412.0,436,1,487.35,1
13413.0,455,6,429.44,1
13414.0,112,4,1493.64,0
13415.0,288,4,784.17,1
13416.0,552,1,228.3,0
13417.0,21,5,1264.66,0
13418.0,20,22,8772.83,0
13421.0,106,7,3050.08,0
13423.0,244,1,217.03,1
13424.0,265,1,572.77,1
13425.0,110,3,2167.79,0
13426.0,54,16,5811.08,0
13427.0,31,4,638.4300000000001,0
13428.0,330,2,276.76,0
13431.0,222,6,2047.14,0
13432.0,387,2,439.1,1
13433.0,317,4,658.32,1
13434.0,201,3,1132.6200000000001,0
13435.0,5,3,1081.16,0
13437.0,6,1,1440.9,0
13438.0,363,1,46.5,1
13439.0,71,3,986.61,1
13440.0,239,7,1295.25,1
13441.0,247,1,424.26,0
13442.0,483,3,419.87,1
13443.0,264,6,1273.16,1
13444.0,190,2,619.08,1
13445.0,442,1,241.89999999999998,1
13446.0,246,11,3881.89,1
13448.0,34,11,6634.5,0
13450.0,20,9,2754.86,0
13451.0,27,9,5781.28,0
13452.0,75,3,729.8,1
13453.0,105,2,609.71,0
13454.0,457,1,219.87,1
13455.0,182,5,1847.5900000000001,0
13456.0,23,1,207.66,0
13457.0,504,2,148.22,1
13458.0,5,9,8572.78,0
13459.0,440,2,1160.41,1
13461.0,223,3,2715.0,0
13462.0,68,5,1153.8500000000001,1
13464.0,210,5,2422.96,0
13465.0,262,2,931.12,1
13466.0,0,5,1013.35,1
13468.0,17,56,10679.43,0
13469.0,469,1,82.4,1
13472.0,279,2,592.24,1
13473.0,148,7,2476.38,0
13474.0,52,3,646.59,1
13475.0,7,4,1431.78,1
13476.0,97,4,1550.6000000000001,0
13477.0,27,7,1880.6200000000001,0
13478.0,285,5,2215.78,1
13479.0,16,4,851.37,1
13480.0,232,2,627.82,1
13481.0,8,8,3005.27,0
13482.0,48,2,336.09,1
13484.0,57,3,790.72,1
13485.0,49,11,3019.2200000000003,1
13487.0,29,4,680.27,0
13488.0,12,16,10768.08,0
13489.0,105,2,235.68,0
13490.0,470,1,154.25,1
13491.0,63,25,4283.47,0
13492.0,30,1,315.3,0
13493.0,91,2,618.63,1
13494.0,127,1,316.26000000000005,1
13495.0,48,8,3890.87,0
13496.0,175,1,501.01,0
13497.0,98,6,1166.8300000000002,1
13498.0,546,1,327.38,1
13499.0,41,2,463.79,0
13500.0,217,1,299.53,0
13501.0,104,3,2885.11,1
13502.0,90,4,677.66,0
13503.0,295,5,1642.39,0
13505.0,8,2,1916.0900000000001,0
13506.0,132,5,1338.08,1
13508.0,59,2,287.05,1
13509.0,70,4,785.02,0
13510.0,191,7,2766.73,0
13511.0,492,1,282.76,1
13512.0,76,4,713.39,1
13513.0,257,2,619.49,0
13514.0,244,3,663.7,0
13515.0,63,3,578.1,0
13516.0,54,2,441.85,0
13519.0,258,1,220.46,0
13520.0,0,9,5073.63,0
13523.0,15,4,2938.93,0
13524.0,35,1,159.20000000000002,0
13525.0,64,1,282.88,0
13526.0,554,2,1182.0,1
13527.0,17,7,2884.57,0
13529.0,20,1,181.1,0
13530.0,450,1,402.98,1
13531.0,21,6,1433.07,1
13533.0,83,2,144.94,0
13534.0,2,27,4803.9,0
13535.0,218,1,89.5,1
13537.0,241,2,717.85,1
13538.0,90,7,2326.58,0
13539.0,56,6,1253.67,0
13540.0,283,3,632.39,1
13541.0,243,2,785.25,1
13542.0,192,17,3959.4900000000002,1
13543.0,450,2,1439.61,1
13544.0,56,5,627.15,0
13545.0,206,2,364.93,1
13546.0,16,3,647.41,0
13547.0,224,1,167.08,1
13548.0,59,2,504.29,0
13549.0,8,4,600.15,0
13550.0,199,1,342.55,1
13551.0,135,2,244.2,1
13552.0,21,15,5070.14,0
13553.0,490,1,499.6,1
13554.0,196,7,1629.35,1
13555.0,17,11,6383.01,0
13556.0,245,2,200.82,1
13557.0,96,12,2688.88,0
13559.0,328,2,990.0,1
13561.0,31,11,1803.4,1
13562.0,61,6,3642.12,0
13564.0,170,36,15948.33,0
13565.0,150,2,284.76,0
13566.0,250,3,831.76,0
13567.0,244,4,1079.29,1
13569.0,183,3,497.74,0
13570.0,59,1,239.49,1
13571.0,0,18,2955.63,0
13572.0,21,1,1384.25,1
13573.0,69,5,646.04,0
13574.0,227,1,404.45,1
13576.0,3,18,7621.26,0
13577.0,57,8,2158.43,0
13578.0,225,1,147.66,1
13579.0,185,4,1072.0,0
13580.0,222,1,107.75,1
13581.0,125,2,280.53000000000003,1
13582.0,205,2,241.68,1
13583.0,495,1,664.001,0
13584.0,122,3,385.7,1
13585.0,346,3,684.54,1
13586.0,357,1,127.28,1
13587.0,265,3,961.1,0
13588.0,71,1,113.30000000000001,0
13589.0,265,4,741.09,0
13590.0,15,15,5266.15,0
13591.0,20,6,1753.04,0
13592.0,21,3,205.51,0
13593.0,79,12,4479.16,0
13594.0,301,1,136.35000000000002,0
13595.0,332,3,784.48,1
13597.0,216,2,396.71,1
13598.0,311,4,601.92,0
13599.0,14,19,6666.78,0
13600.0,128,2,518.42,1
13601.0,27,3,839.87,0
13602.0,197,3,596.28,0
13604.0,474,1,717.62,1
13605.0,203,2,522.67,1
13606.0,59,2,246.63,0
13607.0,218,1,400.3,0
13608.0,356,1,232.05,1
13609.0,409,1,167.35,1
13610.0,3,10,1485.75,0
13611.0,175,8,2446.6800000000003,0
13612.0,448,1,818.29,1
13613.0,268,5,1039.8500000000001,1
13614.0,146,3,953.03,0
13615.0,134,8,6272.53,1
13616.0,384,2,283.85,1
13617.0,224,5,734.57,0
13619.0,360,2,224.94,1
13620.0,344,1,112.34,1
13622.0,512,1,658.95,1
13623.0,26,9,2344.49,0
13624.0,204,1,462.08,1
13625.0,412,1,301.26,1
13626.0,68,2,707.04,1
13627.0,20,4,1213.35,0
13628.0,492,1,310.14,1
13629.0,26,12,8466.5,0
13630.0,0,3,1051.8400000000001,0
13631.0,17,4,1330.0,0
13632.0,49,5,2137.57,0
13634.0,58,13,4084.02,0
13635.0,258,3,1928.13,0
13636.0,68,3,541.45,0
13637.0,3,2,678.65,0
13639.0,252,1,312.93,0
13640.0,427,1,405.0,1
13641.0,456,5,1016.47,1
13642.0,31,4,472.2,1
13643.0,1,8,1725.23,0
13646.0,215,2,326.25,1
13647.0,50,5,1818.2,0
13648.0,216,8,1764.02,1
13649.0,72,6,1453.68,1
13650.0,23,6,2197.18,0
13651.0,197,1,132.65,0
13652.0,72,4,1805.21,0
13653.0,303,1,152.2,1
13654.0,17,8,4773.51,0
13655.0,57,5,1731.19,0
13656.0,153,3,861.9,0
13657.0,17,1,152.34,0
13658.0,20,5,4319.63,0
13659.0,21,12,4884.68,1
13660.0,216,1,306.64,1
13661.0,419,1,325.24,1
13662.0,28,10,1868.79,0
13663.0,196,4,1858.04,0
13665.0,202,3,1711.66,1
13666.0,103,4,107.3,0
13668.0,3,26,10674.33,0
13669.0,223,1,195.0,0
13671.0,210,1,172.6,1
13672.0,117,3,419.92,1
13674.0,248,1,240.68,1
13675.0,100,1,308.44,0
13676.0,355,2,243.9,1
13677.0,220,2,551.24,1
13679.0,309,3,281.26,1
13680.0,153,10,10092.14,0
13682.0,3,1,59.5,1
13683.0,273,1,258.6,1
13684.0,101,4,594.88,1
13686.0,196,2,337.04,0
13687.0,254,1,11880.84,1
13688.0,451,1,375.5,1
13689.0,260,1,349.5,0
13691.0,212,1,212.78,1
13692.0,29,4,2497.66,0
13693.0,190,9,2011.8200000000002,1
13694.0,8,119,158800.42,0
13695.0,5,6,892.52,0
13696.0,237,3,2020.4,1
13698.0,412,2,451.73,1
13699.0,366,1,455.57,0
13700.0,56,8,1275.51,0
13701.0,262,1,161.0,1
13702.0,261,1,135.18,1
13703.0,134,2,425.56,1
13705.0,189,5,1323.47,0
13706.0,118,2,631.1700000000001,1
13707.0,83,5,3365.86,1
13708.0,87,1,285.33,1
13709.0,131,6,1718.0,0
13710.0,239,2,329.04,0
13711.0,34,9,1792.26,1
13712.0,62,2,766.42,1
13713.0,224,3,740.76,1
13714.0,281,1,161.35,1
13715.0,97,17,8153.04,1
13716.0,85,1,138.28,1
13717.0,56,4,888.88,0
13718.0,62,2,306.55,1
13719.0,21,8,2080.14,0
13720.0,54,2,432.1,0
13721.0,211,1,217.39999999999998,0
13722.0,98,8,4723.47,0
13723.0,33,6,1194.08,1
13724.0,453,1,213.01,1
13725.0,41,6,1751.6,0
13727.0,427,6,740.6700000000001,0
13728.0,14,13,2332.96,0
13729.0,251,3,724.73,1
13731.0,35,2,610.59,1
13733.0,226,2,487.03000000000003,1
13734.0,324,4,6695.6900000000005,1
13735.0,50,10,7814.38,0
13736.0,76,6,2380.2,0
13737.0,16,1,339.6,1
13738.0,212,1,434.78000000000003,1
13739.0,343,1,75.3,0
13740.0,56,5,1582.77,1
13741.0,33,1,162.96,0
13742.0,0,8,2139.87,0
13743.0,33,2,353.16,0
13744.0,108,1,817.32,0
13745.0,362,1,477.32,0
13746.0,229,1,176.69,1
13747.0,189,2,169.8,1
13748.0,48,7,1696.95,0
13750.0,112,8,2643.72,0
13751.0,104,1,296.25,1
13752.0,0,5,1295.98,0
13753.0,103,4,2094.57,1
13754.0,133,2,320.45,0
13756.0,21,13,4870.04,0
13757.0,490,1,195.55,1
13758.0,17,13,7859.1,0
13760.0,72,4,1211.94,0
13761.0,318,4,881.52,0
13762.0,34,5,2472.48,1
13763.0,233,2,3502.48,0
13764.0,153,4,1900.09,0
13765.0,469,1,352.821,1
13766.0,311,1,190.35,1
13767.0,19,58,23924.5,0
13768.0,542,2,875.97,1
13769.0,23,15,4129.62,0
13770.0,238,4,785.37,1
13771.0,15,7,4559.22,0
13772.0,55,6,2205.81,0
13773.0,212,2,301.54,1
13775.0,406,1,1049.66,1
13776.0,244,2,623.98,1
13777.0,0,49,35017.42,0
13778.0,307,3,945.79,0
13779.0,331,1,161.13,1
13780.0,223,1,372.06,0
13781.0,66,3,778.83,1
13782.0,50,9,1238.52,0
13783.0,303,4,1542.09,1
13784.0,1,9,1475.87,0
13785.0,244,4,542.49,1
13786.0,183,6,3127.9900000000002,1
13787.0,180,5,1019.86,0
13788.0,321,1,3.75,1
13789.0,204,1,239.46,1
13792.0,103,2,263.0,0
13793.0,462,1,96.0,1
13794.0,362,1,126.03,1
13795.0,204,4,836.3,1
13796.0,315,1,289.7,1
13797.0,252,3,1179.45,1
13798.0,2,86,61076.74,0
13799.0,110,8,2456.41,0
13800.0,125,3,1679.56,1
13802.0,70,18,24790.75,0
13803.0,71,3,1338.91,1
13804.0,105,3,1296.36,0
13807.0,183,3,422.2,1
13809.0,121,3,679.6999999999999,1
13811.0,51,2,481.5,0
13813.0,343,4,1398.6100000000001,0
13814.0,343,1,678.2,0
13815.0,134,5,4460.39,0
13817.0,167,1,128.7,0
13818.0,245,1,61.28,1
13819.0,117,6,2642.35,1
13820.0,234,3,652.75,1
13821.0,77,5,1263.59,0
13823.0,196,5,2445.79,0
13824.0,19,10,2848.8,0
13825.0,437,2,255.59,1
13829.0,237,1,102.0,1
13830.0,397,1,156.85000000000002,1
13831.0,16,15,5480.54,0
13832.0,238,1,557.69,0
13833.0,220,1,316.56,0
13834.0,392,2,324.19,1
13835.0,31,4,589.15,0
13836.0,215,2,620.37,1
13837.0,27,2,266.59000000000003,1
13838.0,185,7,1245.91,0
13839.0,302,1,139.95000000000002,1
13840.0,232,1,651.4,1
13841.0,68,1,85.0,1
13842.0,15,15,3762.19,0
13843.0,197,1,319.75,1
13846.0,58,3,1106.66,0
13847.0,535,1,310.72,1
13848.0,113,7,2695.0,0
13849.0,213,3,1931.35,0
13851.0,104,6,2201.32,0
13852.0,426,1,187.35000000000002,1
13854.0,12,30,8994.58,0
13855.0,316,4,1310.3400000000001,1
13856.0,19,9,847.9300000000001,0
13857.0,209,6,1001.01,1
13859.0,142,2,515.86,1
13861.0,245,2,273.26,1
13862.0,3,5,1499.24,0
13863.0,63,4,1239.55,1
13864.0,202,1,662.4000000000001,1
13865.0,2,2,282.52000000000004,0
13867.0,34,1,138.85,0
13869.0,78,9,6486.38,0
13870.0,103,8,3485.17,0
13871.0,22,9,3878.33,0
13872.0,343,3,919.57,1
13873.0,34,7,879.72,0
13874.0,174,7,2049.15,1
13875.0,0,12,4095.46,0
13877.0,286,2,332.44,0
13878.0,363,3,1145.33,0
13879.0,461,1,395.5,1
13880.0,2,10,2413.66,0
13881.0,29,27,31589.04,0
13883.0,34,14,5628.32,0
13884.0,93,8,1233.68,0
13885.0,5,2,506.8,1
13887.0,20,1,349.55,1
13888.0,34,6,1635.48,0
13889.0,198,5,1574.3300000000002,0
13890.0,174,5,1233.92,0
13891.0,194,3,859.21,1
13892.0,62,3,689.2,0
13893.0,113,1,821.1,1
13894.0,126,1,160.85,0
13895.0,331,2,1415.45,0
13896.0,441,1,388.55,1
13897.0,254,2,849.5600000000001,0
13898.0,141,2,686.4,1
13899.0,90,1,298.5,0
13900.0,8,5,1602.0900000000001,0
13901.0,72,12,3457.44,0
13902.0,448,5,34095.26,1
13903.0,216,1,165.45000000000002,1
13904.0,110,1,201.12,0
13905.0,548,1,312.65,1
13906.0,225,1,42.0,1
13907.0,507,1,136.8,1
13908.0,30,2,831.11,0
13909.0,239,2,282.85,1
13911.0,13,17,3357.99,0
13912.0,239,1,124.95,1
13913.0,322,1,42.22,1
13915.0,210,1,70.80000000000001,1
13916.0,279,4,1275.81,1
13917.0,7,1,65.38,0
13918.0,69,1,198.20000000000002,0
13919.0,240,2,975.87,0
13920.0,247,4,1774.68,1
13921.0,218,4,730.7,1
13922.0,167,3,865.2,1
13927.0,253,1,359.27,0
13929.0,142,10,3064.3,0
13931.0,96,10,4398.06,0
13932.0,110,1,307.4,1
13934.0,79,1,922.1,1
13935.0,412,3,6116.92,1
13936.0,198,2,563.08,0
13937.0,218,1,721.28,0
13939.0,127,5,1176.91,0
13941.0,113,12,7033.18,0
13942.0,350,1,320.0,1
13943.0,393,1,246.54000000000002,1
13944.0,469,1,200.43,1
13945.0,210,2,854.1500000000001,1
13946.0,17,5,1800.63,0
13948.0,176,4,548.76,1
13950.0,62,1,179.31,0
13951.0,52,2,516.05,0
13952.0,33,14,12823.521,1
13953.0,26,8,4875.0,0
13955.0,121,2,426.21,0
13956.0,59,2,290.32,0
13957.0,233,3,458.25,1
13958.0,195,8,4709.2300000000005,1
13959.0,97,5,808.17,0
13961.0,208,1,538.4,1
13962.0,61,2,310.85,0
13963.0,124,17,2860.57,1
13964.0,203,2,438.9,1
13965.0,292,3,996.61,1
13966.0,251,1,384.26,1
13967.0,212,1,85.6,0
13968.0,239,1,123.66,1
13969.0,34,23,5452.47,0
13970.0,202,2,846.55,1
13971.0,30,9,2883.83,0
13972.0,17,1,145.9,0
13973.0,103,1,264.7,1
13974.0,398,1,264.13,0
13975.0,31,8,3749.17,0
13976.0,22,4,1192.3600000000001,1
13977.0,227,1,519.8100000000001,1
13979.0,209,6,2510.06,0
13980.0,255,4,568.68,0
13981.0,231,1,331.14,1
13982.0,142,7,2986.28,0
13983.0,3,17,5831.52,0
13984.0,65,10,1690.52,0
13985.0,0,10,4126.03,0
13987.0,195,2,682.54,1
13988.0,16,4,1965.92,0
13989.0,55,4,1656.65,0
13990.0,29,1,311.3,1
13992.0,196,2,142.7,0
13993.0,21,14,4802.17,0
13995.0,61,10,2818.77,0
13996.0,202,2,895.76,1
13997.0,335,3,376.46,1
13998.0,262,3,566.7,1
13999.0,30,21,6847.27,0
14000.0,27,5,2046.34,1
14001.0,48,8,3494.91,0
14003.0,548,1,209.41,1
14004.0,104,5,2575.83,0
14005.0,31,1,187.16,0
14006.0,57,6,1896.57,0
14007.0,328,1,79.48,1
14008.0,248,1,509.04,1
14009.0,14,3,1099.91,1
14010.0,381,2,445.15,1
14011.0,296,2,457.82,1
14012.0,93,1,328.8,1
14013.0,91,3,730.05,0
14014.0,192,2,1443.03,0
14016.0,23,10,10426.83,0
14017.0,387,1,229.75,1
14018.0,461,1,367.15,1
14020.0,292,2,606.21,0
14021.0,27,6,1586.38,0
14022.0,41,2,792.15,1
14023.0,66,1,273.14,0
14024.0,206,1,318.04,0
14025.0,280,8,4057.9,1
14026.0,286,2,713.11,1
14028.0,366,3,10396.5,1
14030.0,59,17,6597.9800000000005,0
14031.0,12,36,29637.21,0
14032.0,22,10,3106.39,0
14033.0,371,1,109.44,1
14035.0,83,6,2067.31,0
14036.0,100,1,626.65,1
14037.0,180,5,801.55,0
14038.0,23,3,2225.82,0
14039.0,391,1,115.08000000000001,0
14040.0,31,28,10401.97,0
14041.0,82,1,141.41,1
14042.0,541,1,431.98,1
14043.0,307,2,302.59999999999997,1
14044.0,125,7,2601.72,0
14045.0,153,15,10578.63,0
14046.0,100,1,154.99,1
14047.0,15,12,3295.42,0
14048.0,121,3,748.69,1
14049.0,16,11,10462.49,0
14051.0,29,25,11994.07,0
14052.0,206,1,241.3,0
14053.0,213,2,312.05,0
14055.0,393,2,795.3199999999999,0
14056.0,0,11,3653.83,0
14057.0,15,13,4805.23,0
14058.0,278,2,469.19,1
14059.0,82,1,183.6,1
14060.0,21,21,5714.92,0
14061.0,323,3,917.4300000000001,1
14062.0,55,18,19955.43,0
14063.0,254,9,22710.2,1
14064.0,27,13,2768.06,0
14065.0,205,3,891.02,1
14066.0,82,1,152.55,1
14068.0,136,4,1516.72,1
14069.0,330,2,225.81,1
14070.0,500,1,321.6,1
14071.0,76,2,356.81,0
14072.0,482,1,390.85,1
14074.0,439,1,219.4,1
14075.0,77,4,1100.53,0
14077.0,41,3,315.27,0
14078.0,0,8,1332.01,0
14079.0,498,1,243.63,0
14080.0,229,4,1070.08,0
14081.0,118,10,4867.57,1
14082.0,180,2,413.36,1
14083.0,15,7,553.23,0
14084.0,328,1,150.5,1
14085.0,14,25,8084.54,0
14086.0,278,1,39.95,1
14087.0,220,2,638.0,0
14088.0,6,6,28899.83,0
14090.0,140,1,76.32000000000001,1
14091.0,470,2,9530.08,1
14092.0,12,16,4950.01,0
14094.0,255,1,311.77,1
14095.0,538,1,2.95,1
14097.0,297,2,422.86,1
14099.0,34,14,3968.2000000000003,0
14101.0,13,11,8144.53,0
14104.0,205,3,527.3199999999999,0
14105.0,55,5,5988.83,1
14106.0,553,1,214.8,1
14107.0,36,8,3649.15,0
14108.0,547,2,447.05,0
14110.0,36,23,9006.32,0
14111.0,57,1,94.2,0
14112.0,19,9,4071.94,0
14113.0,170,13,5685.6900000000005,0
14114.0,89,7,1364.09,1
14115.0,317,2,622.67,1
14118.0,244,1,458.45,1
14119.0,191,2,183.37,1
14122.0,222,3,362.42,1
14123.0,549,1,436.18,1
14126.0,260,1,466.33000000000004,0
14127.0,72,5,1642.6000000000001,0
14128.0,71,2,592.25,0
14129.0,76,5,1826.38,0
14130.0,135,4,1858.77,1
14131.0,464,1,168.22,1
14133.0,131,2,623.5,0
14134.0,198,15,11123.35,1
14135.0,2,18,6590.82,0
14136.0,216,5,1570.81,1
14137.0,511,1,332.7,1
14139.0,306,3,670.98,0
14142.0,189,2,671.34,1
14144.0,302,1,30.6,1
14145.0,33,4,4986.45,0
14146.0,70,9,7163.03,0
14147.0,101,8,2289.6,0
14148.0,49,2,466.29,1
14149.0,36,1,446.62,1
14150.0,175,1,306.18,0
14151.0,489,2,679.45,1
14152.0,50,6,1690.56,0
14153.0,299,1,233.39999999999998,1
14154.0,55,8,6460.7,1
14155.0,82,1,118.75,1
14156.0,2,120,241077.89,0
14157.0,101,4,822.98,0
14159.0,3,12,4331.58,0
14160.0,426,7,8421.47,1
14161.0,31,7,2996.93,1
14162.0,108,1,177.68,0
14163.0,15,3,898.5,0
14165.0,91,1,120.44,1
14166.0,321,2,251.15,1
14167.0,79,6,970.7,0
14168.0,236,2,370.45,1
14169.0,246,2,621.51,1
14170.0,191,3,570.18,1
14171.0,546,1,135.0,0
14172.0,421,3,369.02,1
14173.0,35,3,249.2,0
14175.0,145,6,4779.16,0
14176.0,113,5,756.46,1
14177.0,197,9,1660.23,0
14180.0,1,24,4802.6,0
14181.0,226,2,308.35,1
14182.0,259,4,678.77,1
14183.0,227,2,278.34000000000003,1
14185.0,147,1,197.65,1
14186.0,243,5,1550.63,1
14187.0,289,1,123.5,1
14188.0,30,2,760.9,0
14189.0,16,9,3005.14,0
14190.0,482,1,79.9,1
14191.0,0,5,919.6,0
14192.0,204,1,293.74,1
14193.0,85,2,779.34,0
14194.0,12,22,10728.94,0
14195.0,17,6,2615.6,1
14197.0,226,1,390.05,1
14198.0,55,6,1051.63,0
14199.0,34,4,1091.7,1
14200.0,433,1,379.2,1
14201.0,2,7,857.2,0
14202.0,197,3,847.76,1
14203.0,213,1,339.34,1
14204.0,238,3,874.22,0
14205.0,80,8,2170.4,0
14206.0,55,3,1185.01,1
14207.0,503,1,157.8,1
14208.0,367,1,415.31,0
14209.0,29,12,4002.9900000000002,0
14210.0,13,15,5250.38,0
14211.0,23,14,3071.08,0
14212.0,261,1,1119.66,0
14213.0,220,1,1192.2,1
14214.0,93,1,638.65,0
14215.0,2,7,2558.88,0
14216.0,230,1,310.74,0
14217.0,0,14,2282.86,0
14219.0,225,2,543.89,0
14220.0,63,4,1515.0,1
14221.0,6,12,4738.52,0
14223.0,80,1,304.9,0
14224.0,31,7,1324.05,0
14225.0,250,4,2031.07,1
14226.0,26,3,2462.34,0
14227.0,12,12,5417.27,0
14228.0,253,3,745.5,1
14229.0,107,6,1808.97,0
14230.0,251,3,979.8000000000001,1
14231.0,48,3,927.86,0
14232.0,2,2,1003.97,0
14233.0,27,6,2400.65,0
14235.0,42,6,2837.68,0
14236.0,188,4,1253.78,0
14237.0,189,2,471.14,1
14238.0,142,3,434.23,1
14239.0,16,16,3177.36,0
14240.0,41,2,584.0,0
14241.0,512,1,120.0,0
14242.0,50,2,280.55,1
14243.0,61,12,6142.05,0
14244.0,476,1,366.41999999999996,1
14245.0,35,2,1693.45,1
14246.0,61,1,449.64,0
14247.0,94,5,753.56,1
14248.0,134,3,1032.95,1
14249.0,226,12,5400.461,1
14252.0,197,1,350.99,1
14253.0,309,2,363.40000000000003,1
14254.0,248,1,601.03,1
14255.0,362,1,1000.63,1
14256.0,76,5,2460.79,1
14257.0,0,6,3885.32,0
14258.0,15,22,26989.18,0
14260.0,287,3,824.28,1
14262.0,56,1,240.0,0
14263.0,239,1,322.93,1
14264.0,61,5,1299.09,0
14265.0,280,2,843.1700000000001,0
14266.0,244,1,40.56,1
14267.0,76,2,836.36,0
14268.0,286,1,354.85,1
14269.0,255,1,295.73,1
14270.0,147,1,492.65000000000003,1
14271.0,41,2,214.18,1
14272.0,70,3,614.94,0
14273.0,33,2,218.70000000000002,0
14274.0,502,1,256.6,1
14275.0,211,6,1189.3799999999999,1
14276.0,105,5,1324.14,0
14277.0,28,7,14638.64,0
14278.0,225,1,205.83,1
14279.0,336,2,191.86,1
14280.0,12,1,134.04,1
14281.0,224,1,245.15,1
14282.0,19,15,5330.6,0
14283.0,279,4,628.44,1
14284.0,469,1,704.4,0
14285.0,329,4,1374.41,0
14286.0,58,5,5901.09,0
14287.0,14,2,83.28,0
14288.0,29,1,426.6,1
14289.0,15,3,594.22,0
14290.0,177,4,2979.4700000000003,0
14291.0,26,15,5634.31,0
14292.0,20,9,5479.53,0
14293.0,121,7,2364.4700000000003,0
14294.0,223,1,375.34000000000003,1
14295.0,254,4,2196.71,0
14296.0,237,2,456.4,1
14297.0,90,1,232.6,0
14298.0,6,68,70161.18,0
14299.0,134,22,11670.57,0
14301.0,232,3,1352.04,0
14302.0,246,3,742.9000000000001,1
14303.0,223,2,277.94,1
14304.0,38,3,1725.01,1
14306.0,194,4,1058.0800000000002,0
14307.0,35,7,2987.18,0
14308.0,365,2,1147.02,1
14309.0,50,6,2364.16,0
14310.0,248,1,492.1,1
14311.0,58,2,516.45,1
14312.0,2,9,2333.29,0
14314.0,246,1,109.8,0
14315.0,7,4,1572.89,0
14316.0,238,5,1370.34,1
14318.0,276,1,158.02,1
14319.0,240,1,494.85,1
14320.0,22,5,1346.75,1
14321.0,149,3,1014.13,0
14322.0,245,4,474.1,1
14323.0,54,1,299.82,0
14324.0,225,2,701.61,1
14325.0,385,1,245.48000000000002,1
14326.0,58,3,940.98,1
14327.0,198,5,1583.28,0
14328.0,254,1,445.05,1
14329.0,89,10,7037.9800000000005,0
14330.0,439,1,200.63,1
14332.0,197,2,1077.2,0
14334.0,19,9,3444.5,0
14336.0,14,3,1114.39,0
14338.0,12,2,919.85,0
14339.0,58,2,620.27,1
14340.0,34,1,134.7,1
14341.0,31,14,2988.19,0
14342.0,26,3,559.48,0
14343.0,237,4,1079.66,1
14344.0,22,18,2749.0,0
14346.0,113,4,1556.61,0
14347.0,552,1,82.60000000000001,1
14348.0,76,1,409.57,1
14350.0,90,3,972.03,1
14352.0,50,2,845.32,0
14353.0,31,3,376.5,1
14355.0,181,3,840.0500000000001,1
14358.0,205,2,400.06,1
14361.0,394,1,214.71,1
14363.0,218,2,227.47000000000003,1
14364.0,3,4,2161.85,0
14365.0,210,2,634.68,1
14366.0,341,1,136.0,1
14367.0,0,8,4116.77,0
14368.0,135,1,155.0,1
14369.0,458,2,469.13,1
14370.0,266,6,1175.78,1
14371.0,111,1,100.5,1
14372.0,259,2,860.08,1
14373.0,174,1,76.55,1
14374.0,357,1,108.0,1
14375.0,1,3,1106.82,1
14376.0,499,1,215.46,1
14377.0,7,2,617.05,1
14378.0,437,1,131.25,1
14379.0,111,3,1028.04,0
14380.0,498,1,48.96,1
14381.0,267,1,423.26,0
14382.0,206,1,578.14,0
14384.0,316,1,58.5,1
14386.0,112,1,142.4,1
14388.0,19,11,4348.55,0
14389.0,6,4,1165.69,0
14390.0,27,7,2541.59,0
14391.0,392,1,135.6,1
14392.0,248,1,266.4,1
14393.0,34,1,67.95,1
14394.0,380,1,93.8,1
14395.0,38,16,5947.96,0
14396.0,187,6,1591.74,0
14397.0,14,2,242.24,0
14398.0,217,2,707.79,1
14399.0,210,8,2108.21,1
14400.0,224,2,1157.77,0
14401.0,131,11,3296.54,0
14402.0,468,1,285.6,1
14403.0,33,4,1380.71,0
14404.0,75,10,1973.39,0
14405.0,202,1,195.0,1
14407.0,21,2,1002.6800000000001,0
14408.0,5,7,2585.03,0
14409.0,134,6,2033.94,0
14410.0,22,8,2305.63,0
14411.0,126,1,1063.0,1
14412.0,240,1,656.16,0
14413.0,178,4,764.52,1
14414.0,174,2,1119.55,0
14415.0,14,15,8490.32,0
14417.0,203,1,524.65,1
14419.0,68,3,509.99,0
14420.0,212,3,1251.65,0
14421.0,27,5,2111.44,0
14422.0,83,14,6409.1900000000005,0
14423.0,34,3,916.61,1
14425.0,250,3,661.39,1
14426.0,92,10,8741.85,0
14427.0,310,2,900.1800000000001,0
14428.0,55,2,330.62,0
14429.0,219,1,516.28,1
14430.0,327,3,1220.9,1
14431.0,118,4,2614.2,1
14433.0,281,1,280.7,1
14435.0,317,1,90.42,1
14436.0,369,1,182.64,0
14437.0,181,5,873.34,1
14438.0,122,1,131.9,1
14439.0,135,5,9443.04,1
14440.0,132,10,4810.06,0
14441.0,71,8,3255.64,0
14442.0,20,7,5367.02,1
14443.0,126,3,1271.17,0
14444.0,272,1,120.44,1
14445.0,271,1,221.65,1
14446.0,62,2,492.96999999999997,0
14447.0,12,3,1149.53,0
14448.0,180,1,102.35000000000001,0
14449.0,62,6,1745.07,0
14450.0,59,6,914.64,0
14451.0,10,11,2974.78,0
14452.0,211,2,399.9,0
14453.0,6,1,119.93,1
14454.0,192,5,977.3000000000001,1
14455.0,248,4,617.72,1
14457.0,126,1,113.64,1
14458.0,196,1,228.07,1
14459.0,467,1,3537.821,0
14460.0,126,7,689.16,0
14461.0,77,11,5350.08,0
14462.0,1,8,1379.51,0
14463.0,21,2,372.87,0
14464.0,384,2,111.0,1
14465.0,62,11,3925.85,1
14466.0,3,10,3340.45,0
14467.0,128,9,1738.68,0
14468.0,549,1,204.24,1
14469.0,232,4,2093.46,1
14470.0,103,2,548.49,0
14471.0,407,2,400.95,1
14472.0,3,6,1723.26,0
14473.0,98,1,85.0,0
14474.0,395,1,711.23,0
14475.0,2,3,847.47,0
14476.0,73,1,193.0,1
14477.0,0,5,1183.0,0
14478.0,198,4,1276.66,1
14479.0,69,4,1124.71,1
14480.0,218,3,1020.47,0
14481.0,103,4,1951.04,0
14482.0,55,7,2522.01,0
14483.0,97,2,257.1,1
14484.0,217,3,749.0600000000001,0
14486.0,327,2,175.5,1
14487.0,184,2,225.89000000000001,0
14489.0,23,4,1574.93,1
14490.0,222,2,1273.47,1
14491.0,188,1,127.2,0
14492.0,246,7,1921.91,1
14493.0,206,5,2704.62,0
14494.0,217,2,261.9,0
14495.0,475,1,51.0,0
14496.0,127,7,2363.89,1
14497.0,125,2,697.0600000000001,1
14498.0,2,7,2256.75,0
14499.0,94,5,1416.22,0
14500.0,5,1,284.85,0
14501.0,135,1,66.93,0
14502.0,50,6,1059.94,0
14504.0,59,3,542.71,0
14505.0,20,16,9179.51,0
14506.0,99,4,1553.76,0
14507.0,31,8,2464.17,0
14508.0,192,3,554.87,0
14509.0,350,1,110.95,1
14510.0,191,3,979.85,1
14512.0,3,7,1215.97,1
14513.0,22,5,649.77,0
14514.0,17,8,3792.95,0
14515.0,7,8,2412.82,0
14516.0,332,1,151.17,1
14519.0,499,2,203.14,1
14520.0,106,1,165.0,0
14521.0,307,1,199.45000000000002,1
14522.0,14,5,1052.51,0
14524.0,52,8,1819.76,0
14525.0,1,13,5742.68,0
14526.0,205,1,258.65,1
14527.0,0,94,22302.11,0
14530.0,1,13,4723.8,0
14531.0,295,1,376.34,1
14532.0,52,11,3845.78,1
14533.0,168,5,1950.15,0
14534.0,2,17,3652.56,0
14535.0,64,7,3971.26,0
14536.0,75,1,170.95,1
14537.0,439,1,285.84,0
14538.0,72,4,1089.0900000000001,0
14540.0,125,9,2952.88,0
14541.0,30,12,2043.48,0
14542.0,1,1,103.25,1
14543.0,6,32,13413.09,0
14544.0,177,2,2036.0,0
14545.0,490,1,349.25,1
14546.0,17,8,3485.79,0
14548.0,133,8,2214.89,0
14549.0,127,4,913.6,1
14550.0,204,2,587.69,0
14551.0,20,6,817.29,0
14552.0,196,2,343.71,0
14553.0,34,6,1271.65,0
14555.0,118,5,2177.83,0
14556.0,412,3,815.69,1
14558.0,470,3,655.5,1
14559.0,206,1,75.6,1
14560.0,12,31,5108.26,0
14561.0,0,1,222.07,0
14562.0,48,11,2521.98,0
14563.0,325,2,640.54,1
14564.0,250,2,2605.62,1
14565.0,21,3,2637.65,0
14566.0,233,3,2660.0,0
14568.0,251,1,919.7,1
14569.0,268,3,369.94,0
14570.0,96,3,613.75,1
14571.0,241,1,160.0,1
14572.0,70,7,3795.67,0
14573.0,16,11,1888.6,0
14574.0,548,1,143.70000000000002,1
14575.0,304,1,420.22,1
14576.0,188,1,35.400000000000006,1
14577.0,48,5,972.45,0
14579.0,248,1,105.56,1
14580.0,334,1,14.85,1
14581.0,360,1,271.05,0
14583.0,1,5,948.94,0
14584.0,13,6,1179.9,0
14585.0,198,4,986.22,0
14586.0,92,1,237.35999999999999,1
14587.0,0,8,1452.68,0
14588.0,394,1,135.39,1
14589.0,187,1,39.75,1
14590.0,240,20,2993.37,1
14591.0,29,1,204.02,0
14593.0,14,11,3387.97,0
14594.0,189,1,255.0,0
14595.0,129,3,587.65,0
14596.0,442,1,222.22,1
14597.0,7,5,1483.49,0
14598.0,385,1,162.07,0
14599.0,206,2,457.89,1
14600.0,121,2,865.17,1
14602.0,472,1,205.35999999999999,1
14603.0,90,1,660.0,1
14604.0,449,1,143.85999999999999,1
14605.0,190,4,921.5600000000001,1
14606.0,1,149,24828.4,0
14607.0,77,9,8048.63,0
14608.0,178,8,1771.79,0
14609.0,112,7,1028.6399999999999,0
14610.0,211,2,24.35,1
14611.0,259,2,604.33,1
14612.0,231,1,877.7,1
14613.0,496,1,76.32000000000001,1
14614.0,202,1,295.13,1
14615.0,210,5,951.76,1
14616.0,58,5,527.78,1
14617.0,218,2,190.47,1
14618.0,153,5,1000.6800000000001,0
14619.0,61,2,1291.24,1
14620.0,21,2,412.78000000000003,1
14621.0,3,6,1848.52,0
14622.0,0,1,320.58000000000004,1
14623.0,2,7,1528.14,0
14624.0,231,4,588.22,0
14625.0,12,11,4497.88,1
14626.0,49,8,3206.55,0
14627.0,195,1,462.75,1
14628.0,58,4,1657.6200000000001,0
14630.0,300,1,338.65,1
14631.0,51,5,1648.79,0
14632.0,78,1,114.56,1
14633.0,82,1,344.90000000000003,1
14634.0,253,4,2124.46,1
14635.0,269,1,215.22,1
14636.0,84,1,300.19,0
14637.0,493,1,106.68,1
14639.0,107,5,3229.6,0
14640.0,43,5,1937.73,0
14643.0,174,4,1344.02,0
14644.0,114,6,1604.46,0
14645.0,91,2,519.9,0
14646.0,7,105,364532.42,0
14647.0,17,2,506.04,1
14648.0,232,15,4466.65,1
14649.0,28,7,2830.72,0
14650.0,405,1,62.5,1
14651.0,27,8,1787.24,0
14653.0,154,6,2011.22,0
14654.0,554,1,246.86,1
14655.0,38,4,2756.84,0
14656.0,99,4,632.0600000000001,0
14657.0,98,4,1126.3700000000001,0
14659.0,3,5,1381.76,0
14662.0,50,6,1147.34,0
14663.0,246,2,490.6,1
14665.0,112,5,1645.6100000000001,0
14667.0,30,40,15114.55,0
14668.0,261,1,111.63,1
14669.0,57,7,3216.78,1
14670.0,96,3,583.33,1
14671.0,365,2,1127.45,1
14672.0,50,4,1113.14,1
14673.0,183,3,1674.41,0
14674.0,325,1,173.66,1
14675.0,204,1,419.21999999999997,0
14676.0,23,9,6957.07,0
14677.0,408,1,184.91,1
14678.0,395,1,403.39,1
14679.0,197,3,1289.44,1
14680.0,14,51,41468.27,0
14681.0,27,4,770.1500000000001,0
14682.0,3,6,1514.81,1
14683.0,404,1,146.56,1
14684.0,31,3,721.96,0
14685.0,392,8,4536.64,1
14686.0,230,5,852.53,1
14687.0,216,2,773.6800000000001,0
14688.0,14,17,4397.75,0
14689.0,24,1,112.80000000000001,1
14690.0,208,2,422.63,0
14691.0,28,1,439.6,0
14692.0,51,11,1603.89,0
14693.0,80,7,1165.3600000000001,1
14694.0,433,1,244.31,1
14695.0,335,3,1534.22,1
14696.0,3,5,1565.72,0
14697.0,34,2,188.61,1
14699.0,30,4,702.6,1
14700.0,5,4,2422.06,0
14701.0,63,11,3694.92,0
14702.0,97,18,4302.69,0
14704.0,240,2,258.96,0
14705.0,14,1,179.0,1
14706.0,434,1,367.54,1
14707.0,251,2,139.2,1
14708.0,184,3,1085.91,0
14709.0,3,17,5908.33,0
14710.0,195,9,1300.31,0
14711.0,1,6,1596.3,0
14712.0,234,1,411.0,0
14713.0,2,17,3903.2,0
14714.0,223,3,746.05,0
14715.0,114,6,1205.52,0
14716.0,260,1,235.77,0
14717.0,549,1,81.3,1
14718.0,226,1,226.42,1
14719.0,65,1,223.46,0
14721.0,195,1,109.07,1
14722.0,293,2,309.1,0
14723.0,174,8,1136.35,0
14724.0,406,1,341.9,1
14725.0,210,3,597.16,0
14726.0,470,1,116.5,1
14727.0,90,3,463.73,1
14728.0,229,1,190.58,1
14729.0,189,3,586.24,1
14730.0,48,3,529.3,0
14731.0,21,2,251.01999999999998,0
14732.0,2,15,4097.78,0
14733.0,20,11,12656.82,0
14734.0,241,4,1056.42,1
14735.0,12,41,8729.880000000001,0
14736.0,301,2,374.05,1
14737.0,169,2,2823.62,0
14738.0,15,6,1033.14,0
14739.0,35,21,8978.960000000001,0
14740.0,13,11,4161.06,1
14741.0,177,3,808.05,0
14742.0,251,1,579.85,1
14743.0,408,1,50.480000000000004,1
14744.0,113,12,3488.13,0
14745.0,0,9,1912.82,0
14746.0,222,4,593.5,1
14747.0,65,1,328.2,1
14748.0,28,8,2037.28,0
14749.0,295,1,310.15,1
14750.0,552,1,112.03,1
14751.0,500,2,126.45,1
14753.0,276,1,306.36,0
14754.0,111,5,1138.15,0
14755.0,23,18,6824.78,0
14756.0,198,2,1914.8,0
14758.0,21,6,2587.85,0
14759.0,48,1,572.25,0
14760.0,113,1,89.2,1
14761.0,150,2,289.52000000000004,0
14762.0,79,2,417.57,1
14766.0,29,8,5068.57,0
14767.0,290,1,382.81,1
14769.0,17,13,10731.38,0
14770.0,48,8,3637.6400000000003,1
14771.0,437,2,594.62,1
14773.0,408,1,140.55,1
14774.0,344,1,241.45000000000002,1
14775.0,188,1,406.56,0
14776.0,34,7,2244.6,0
14777.0,219,1,307.56,1
14778.0,124,1,334.05,0
14779.0,96,3,386.15,1
14782.0,135,1,200.10000000000002,1
14783.0,475,1,307.3,1
14784.0,139,2,274.62,0
14786.0,366,1,90.96,1
14787.0,287,1,110.65,1
14788.0,412,1,476.88,0
14790.0,69,7,1933.72,0
14791.0,422,1,303.63,1
14793.0,351,1,396.91,0
14794.0,19,7,1313.53,0
14796.0,33,19,5664.74,0
14797.0,323,1,300.31,1
14798.0,126,6,626.25,0
14799.0,553,1,180.45000000000002,0
14800.0,7,12,6245.65,0
14802.0,254,2,1502.98,1
14803.0,91,2,730.7900000000001,0
14805.0,129,4,645.4,0
14806.0,255,1,110.04,0
14807.0,206,2,504.14,1
14809.0,437,2,686.76,1
14810.0,14,10,1544.85,0
14811.0,203,1,170.5,1
14812.0,414,1,178.85,1
14813.0,185,4,888.91,1
14814.0,397,1,154.21,1
14816.0,13,1,271.85,1
14817.0,16,7,3959.86,1
14818.0,69,4,614.01,0
14819.0,8,3,269.06,0
14820.0,196,5,767.47,0
14821.0,182,7,1230.15,1
14822.0,301,1,157.7,1
14823.0,10,2,210.65,0
14824.0,195,6,2895.2000000000003,0
14825.0,20,17,3534.04,0
14826.0,397,2,385.2,1
14828.0,12,13,9839.460000000001,1
14829.0,0,6,1289.95,0
14831.0,496,3,1676.57,1
14832.0,446,1,322.69,1
14833.0,314,1,94.8,1
14834.0,56,2,729.55,0
14835.0,344,2,297.0,1
14837.0,17,6,2303.08,0
14838.0,239,2,769.9200000000001,1
14839.0,234,3,915.28,1
14840.0,83,2,362.71000000000004,1
14841.0,90,11,5649.09,0
14842.0,7,2,1688.48,0
14843.0,252,1,211.8,1
14844.0,57,7,4387.17,0
14845.0,415,1,150.0,1
14846.0,243,1,437.4,1
14847.0,223,2,1039.55,0
14848.0,220,1,310.56,1
14849.0,29,28,9889.98,0
14850.0,127,7,1770.96,1
14851.0,72,2,524.19,0
14852.0,68,13,3786.14,0
14853.0,27,4,1115.57,0
14854.0,43,7,2754.36,0
14855.0,290,5,5874.65,0
14857.0,258,5,2478.731,0
14858.0,321,1,180.75,1
14859.0,20,2,648.76,0
14861.0,196,9,1254.94,0
14865.0,188,3,77.52,0
14866.0,182,8,6460.32,0
14867.0,1,16,2952.06,1
14868.0,49,5,1669.75,0
14869.0,204,4,2056.69,0
14870.0,77,6,1838.95,1
14871.0,71,7,956.04,0
14872.0,299,3,816.6,1
14873.0,26,2,854.13,1
14874.0,351,1,116.18,1
14875.0,78,2,1759.08,0
14876.0,337,2,256.7,1
14877.0,234,2,425.85,1
14878.0,17,20,3452.15,0
14879.0,500,1,185.06,1
14880.0,1,2,347.67,0
14882.0,206,12,2956.95,0
14883.0,27,1,310.56,0
14884.0,485,1,120.6,1
14885.0,243,2,832.8,0
14886.0,68,1,364.8,1
14888.0,23,1,369.2,1
14889.0,152,1,135.9,1
14890.0,69,3,817.25,1
14891.0,3,3,1001.73,0
14892.0,506,1,202.35000000000002,1
14893.0,433,1,571.76,0
14894.0,259,2,837.0600000000001,0
14895.0,20,21,17900.61,0
14896.0,20,8,1826.0,1
14897.0,112,5,1949.66,0
14898.0,56,12,2707.57,0
14899.0,211,1,1331.38,1
14900.0,338,1,13.919999999999998,1
14901.0,176,6,994.76,0
14902.0,211,2,702.96,0
14903.0,16,3,1796.93,0
14904.0,224,2,605.05,0
14905.0,49,7,1663.79,0
14906.0,261,1,68.44,1
14907.0,176,12,3007.31,0
14908.0,279,1,104.10000000000001,0
14909.0,253,3,1404.68,1
14911.0,0,261,190110.01,0
14912.0,62,5,1504.19,0
14913.0,89,6,3461.53,0
14915.0,93,10,1646.05,0
14916.0,140,5,2069.02,0
14917.0,412,2,1123.75,1
14918.0,220,7,4345.66,0
14919.0,355,1,359.35,1
14920.0,28,3,1607.17,1
14921.0,17,1,903.01,0
14922.0,209,2,843.74,1
14924.0,61,3,931.01,1
14926.0,197,2,359.4,1
14927.0,212,1,308.2,1
14928.0,443,1,223.91000000000003,1
14929.0,237,1,612.8100000000001,0
14930.0,90,4,3977.9,0
14931.0,22,2,586.0,0
14932.0,181,2,666.13,1
14933.0,259,4,1770.0,1
14934.0,98,4,2441.4,0
14935.0,113,2,2849.83,1
14936.0,91,5,5850.15,0
14938.0,378,2,2322.43,1
14940.0,233,2,531.49,1
14941.0,394,1,182.1,1
14942.0,217,4,746.56,1
14943.0,479,1,107.62,1
14944.0,2,12,5716.45,0
14945.0,229,1,179.4,1
14947.0,204,4,758.97,0
14948.0,35,1,278.40000000000003,0
14949.0,285,4,515.0,1
14952.0,22,28,13064.47,0
14953.0,234,3,685.65,0
14954.0,519,1,167.27,0
14955.0,548,1,163.77,1
14956.0,237,1,1325.0,1
14957.0,69,2,261.69,1
14958.0,1,5,834.59,0
14959.0,31,2,422.38,0
14961.0,48,18,12545.130000000001,0
14962.0,86,4,366.91,1
14963.0,195,7,1651.23,0
14964.0,63,1,206.21,1
14966.0,203,5,881.24,0
14967.0,257,5,1518.81,0
14968.0,274,1,353.65,0
14969.0,519,1,906.23,1
14970.0,68,10,4109.54,0
14972.0,197,1,30.300000000000004,0
14973.0,41,1,654.6,0
14975.0,237,1,192.45,0
14976.0,12,3,450.26,0
14977.0,541,1,31.93,1
14978.0,51,9,2718.05,0
14979.0,551,1,429.66,1
14980.0,553,1,150.68,1
14981.0,62,2,372.92,1
14982.0,388,1,237.78,1
14983.0,505,1,183.20000000000002,1
14984.0,204,4,1058.1399999999999,0
14985.0,14,2,292.01,1
14986.0,192,2,563.1,1
14987.0,181,7,1387.4499999999998,0
14988.0,27,7,2038.65,1
14989.0,477,1,342.4,1
14990.0,428,2,304.17,1
14991.0,246,1,314.67,1
14992.0,258,1,210.5,1
14993.0,379,1,36.13,1
14994.0,198,5,946.72,1
14995.0,96,1,119.31,0
14996.0,297,2,442.28999999999996,1
14997.0,471,1,230.4,0
14998.0,57,3,521.95,0
14999.0,408,1,129.48000000000002,1
15001.0,210,2,199.10999999999999,1
15002.0,112,8,3643.91,0
15003.0,289,6,1027.03,1
15005.0,3,41,10400.58,0
15006.0,269,1,277.4,0
15008.0,296,2,360.0,1
15011.0,211,2,416.6,1
15012.0,189,2,429.78,0
15013.0,303,10,1610.82,1
15015.0,317,13,2354.97,1
15016.0,209,4,450.85,0
15018.0,68,2,291.34000000000003,0
15019.0,82,1,252.81,1
15020.0,195,1,198.47,1
15021.0,34,6,1293.58,0
15022.0,493,1,281.05,0
15023.0,34,13,7633.62,0
15024.0,112,9,2603.55,0
15025.0,384,1,617.83,0
15026.0,56,4,810.6700000000001,0
15027.0,35,8,2783.57,0
15028.0,184,3,521.78,0
15029.0,435,1,365.1,1
15030.0,84,7,1614.39,0
15031.0,98,11,2600.58,0
15032.0,72,8,11010.05,1
15033.0,24,3,1155.6200000000001,0
15034.0,48,11,6597.42,0
15037.0,192,2,397.76,1
15038.0,3,7,958.49,0
15039.0,0,73,33351.23,0
15040.0,357,1,7.49,1
15041.0,260,1,109.47,0
15042.0,15,2,315.45,1
15043.0,279,5,2333.3199999999997,0
15044.0,23,29,12845.15,0
15045.0,73,1,388.9,0
15046.0,10,18,4809.98,0
15047.0,85,1,343.62,1
15048.0,36,2,254.25,0
15049.0,89,1,121.17000000000002,1
15050.0,237,2,2349.5,0
15051.0,195,6,2543.55,0
15052.0,135,1,207.73000000000002,1
15053.0,97,1,222.65,0
15055.0,290,3,549.12,1
15056.0,336,1,113.65,1
15057.0,91,5,3255.96,1
15058.0,59,10,2014.9,0
15059.0,31,14,2722.5,0
15061.0,0,109,103135.5,0
15062.0,33,7,2411.8,0
15063.0,29,1,370.79999999999995,1
15064.0,226,4,1254.41,1
15065.0,43,3,1575.13,0
15067.0,98,3,2966.17,0
15068.0,72,3,861.5,0
15070.0,188,3,737.0500000000001,1
15071.0,91,3,1062.16,0
15072.0,295,1,187.52,1
15073.0,1,7,2606.57,0
15074.0,245,2,817.46,0
15076.0,308,2,566.89,0
15077.0,310,2,2428.08,1
15078.0,6,35,11727.78,0
15079.0,28,11,3625.4,1
15080.0,243,2,546.25,1
15081.0,24,9,1597.82,0
15082.0,484,1,93.35000000000001,1
15083.0,72,1,88.2,1
15084.0,195,2,965.1999999999999,1
15085.0,545,1,347.54,1
15086.0,380,2,218.53,1
15087.0,97,1,306.94,1
15090.0,124,1,381.32,1
15091.0,490,2,565.9,0
15092.0,31,3,776.46,1
15093.0,22,21,12502.04,0
15094.0,279,2,83.0,1
15095.0,19,7,2541.54,0
15097.0,399,2,660.27,0
15100.0,149,7,2193.8999999999996,1
15101.0,175,5,1262.69,0
15102.0,346,2,554.67,1
15104.0,12,2,993.54,1
15105.0,246,2,795.98,0
15106.0,27,2,778.45,0
15107.0,127,9,824.35,1
15108.0,2,3,623.45,0
15109.0,61,3,983.1,1
15110.0,134,3,679.4,0
15111.0,188,3,1163.39,0
15112.0,427,1,209.4,1
15114.0,33,5,1357.47,0
15115.0,548,1,191.74,0
15116.0,20,1,479.65,0
15117.0,31,4,1246.59,0
15119.0,61,1,266.4,1
15121.0,104,1,295.15,0
15122.0,20,10,3784.1000000000004,0
15123.0,22,4,3526.33,0
15124.0,7,3,357.38,0
15125.0,23,13,12807.11,0
15126.0,352,2,449.49,1
15127.0,335,1,304.97,0
15128.0,35,2,796.38,0
15129.0,26,16,4533.16,0
15131.0,210,1,80.28,1
15132.0,15,2,489.87,0
15133.0,73,4,1482.38,0
15134.0,29,4,447.75,0
15135.0,55,2,305.68,1
15137.0,336,2,823.4,1
15138.0,209,1,502.52,1
15139.0,55,2,178.96,1
15140.0,14,4,2016.89,0
15141.0,273,7,1388.47,1
15142.0,226,5,2121.18,0
15143.0,41,2,563.63,1
15144.0,33,17,7274.89,0
15145.0,43,2,724.03,0
15146.0,107,1,834.22,0
15147.0,56,1,623.5,1
15149.0,392,4,1033.81,0
15150.0,2,5,5004.68,0
15151.0,239,2,2085.61,1
15152.0,3,2,1274.24,0
15154.0,294,2,1089.44,0
15155.0,199,1,383.96999999999997,1
15157.0,174,3,1803.5,0
15158.0,217,1,204.62,0
15159.0,0,18,9151.59,0
15160.0,173,4,589.27,1
15161.0,204,1,119.92,1
15162.0,547,1,312.9,1
15163.0,8,1,155.0,0
15164.0,24,8,1566.76,0
15165.0,189,1,487.75,1
15166.0,283,1,167.16,1
15167.0,136,5,1627.62,1
15169.0,198,2,569.22,1
15170.0,222,1,81.15,1
15171.0,147,1,1289.5,1
15172.0,12,2,526.2,0
15173.0,196,7,1494.6,1
15174.0,138,2,481.46,1
15176.0,483,1,988.0400000000001,1
15177.0,241,1,948.9300000000001,1
15178.0,76,1,40.5,1
15179.0,49,11,6740.09,0
15180.0,183,3,816.9300000000001,1
15181.0,85,3,810.72,0
15182.0,84,10,2746.582,0
15183.0,363,3,639.93,1
15184.0,6,3,518.42,0
15186.0,290,3,991.7900000000001,0
15187.0,28,1,431.6,0
15188.0,541,1,310.43,1
15189.0,0,22,6829.2,0
15190.0,250,1,834.4399999999999,1
15191.0,279,3,588.05,1
15192.0,7,4,1360.06,0
15194.0,14,22,8066.18,0
15196.0,248,2,313.7,1
15197.0,68,5,1571.1499999999999,0
15198.0,224,3,377.71,0
15199.0,51,8,2510.85,0
15200.0,310,1,549.0500000000001,1
15201.0,20,4,1208.68,0
15202.0,236,3,6001.49,1
15203.0,14,11,3265.28,0
15204.0,173,1,316.58,1
15206.0,91,1,17.700000000000003,0
15207.0,232,3,683.92,1
15208.0,169,2,165.8,0
15209.0,546,1,178.98000000000002,1
15210.0,41,3,1176.19,1
15211.0,181,1,383.07,0
15212.0,57,2,208.28,1
15213.0,134,2,328.35,1
15214.0,58,1,514.9300000000001,0
15215.0,209,4,1687.49,0
15216.0,434,1,389.49,0
15217.0,379,1,426.24,1
15218.0,33,14,7469.2,0
15219.0,464,1,379.7,0
15220.0,19,3,858.19,0
15221.0,182,4,2062.2,1
15222.0,134,11,3550.91,1
15223.0,41,5,1417.95,1
15224.0,174,5,871.36,1
15225.0,50,1,409.40000000000003,1
15226.0,126,1,154.41,1
15227.0,31,7,2145.91,0
15228.0,110,3,3098.41,0
15229.0,402,1,160.5,1
15230.0,55,2,429.6,1
15231.0,437,1,250.26000000000002,1
15233.0,217,1,59.400000000000006,1
15234.0,92,1,197.0,1
15235.0,33,16,2772.76,1
15236.0,114,1,321.05,1
15237.0,19,2,1093.65,0
15238.0,0,1,300.14,0
15240.0,7,10,3798.79,0
15241.0,8,6,2259.12,0
15242.0,238,1,302.04,1
15243.0,251,1,610.6,0
15244.0,64,2,578.45,0
15245.0,3,7,3832.7200000000003,0
15246.0,54,3,780.4,1
15247.0,293,2,620.06,0
15248.0,227,3,1893.93,1
15249.0,12,10,5418.91,0
15250.0,456,1,60.0,1
15251.0,26,12,13935.27,0
15252.0,237,3,1362.63,0
15253.0,219,3,1136.89,0
15254.0,362,2,787.99,0
15255.0,212,8,2815.17,0
15256.0,377,1,71.95,0
15257.0,99,2,685.9,1
15258.0,33,1,315.66,0
15259.0,328,4,1182.3799999999999,1
15260.0,2,23,8227.44,0
15261.0,197,3,1253.18,0
15262.0,139,3,418.82,1
15264.0,346,1,454.66,0
15265.0,51,3,2551.76,0
15266.0,154,5,852.21,1
15268.0,294,3,961.9000000000001,1
15269.0,196,2,816.5600000000001,0
15270.0,54,18,7459.12,0
15271.0,20,14,2770.81,0
15272.0,266,4,1309.01,0
15273.0,415,1,228.96,1
15276.0,210,3,491.17,0
15277.0,241,1,220.44,0
15278.0,377,4,496.16,1
15279.0,170,5,1580.54,1
15280.0,304,2,284.4,0
15281.0,13,13,8138.83,0
15282.0,386,1,348.59,1
15283.0,206,3,148.32999999999998,1
15284.0,316,1,24.75,1
15285.0,223,1,94.92,1
15287.0,195,3,369.34000000000003,0
15288.0,16,8,3032.86,0
15289.0,65,3,1028.76,0
15290.0,19,16,4585.63,0
15291.0,63,34,11529.050000000001,0
15292.0,17,1,178.39,1
15293.0,481,1,247.5,1
15294.0,226,1,233.35,1
15295.0,470,1,207.04,1
15296.0,28,8,8427.98,0
15298.0,3,16,6039.07,0
15299.0,79,7,4084.5299999999997,0
15301.0,3,11,4635.63,0
15302.0,546,1,308.0,1
15303.0,106,3,1224.18,1
15304.0,34,6,483.6,0
15305.0,371,1,93.6,1
15306.0,316,6,2310.38,0
15308.0,90,1,310.47,1
15309.0,426,4,797.96,1
15310.0,294,1,1634.64,1
15311.0,1,162,87944.0,0
15312.0,31,10,2613.2400000000002,0
15314.0,15,3,820.45,1
15316.0,142,1,165.0,1
15317.0,493,1,129.75,1
15319.0,99,1,204.5,1
15321.0,107,10,5120.89,0
15322.0,292,1,711.18,0
15323.0,378,3,434.6,1
15324.0,517,1,140.22000000000003,1
15325.0,211,7,1439.72,0
15326.0,149,5,1700.52,1
15328.0,223,1,107.24,1
15329.0,190,8,1909.13,0
15331.0,315,3,767.91,1
15332.0,182,6,4892.68,1
15333.0,24,1,1028.56,1
15336.0,217,1,240.5,1
15337.0,227,1,373.02,1
15338.0,493,1,277.93,1
15339.0,134,6,1504.85,0
15340.0,377,1,105.5,1
15341.0,265,1,382.2,0
15346.0,148,3,596.12,1
15347.0,182,4,1162.0,1
15349.0,3,1,356.21,0
15350.0,189,2,547.6,1
15351.0,185,4,1770.23,0
15352.0,364,1,111.15,1
15353.0,70,7,2794.47,1
15354.0,419,3,284.4,1
15356.0,34,8,1683.2,0
15358.0,23,31,12441.73,0
15359.0,478,8,181.35,1
15361.0,177,4,689.07,1
15362.0,264,2,613.08,1
15363.0,188,2,678.11,1
15364.0,70,1,331.8,0
15365.0,131,7,2451.42,0
15366.0,174,6,1892.1100000000001,0
15367.0,61,9,4619.92,0
15368.0,210,1,275.8,0
15369.0,308,11,6251.26,1
15370.0,19,4,2480.9,0
15371.0,478,1,59.400000000000006,1
15372.0,266,7,4009.66,0
15373.0,26,11,1860.38,0
15374.0,440,1,139.32,0
15375.0,506,1,60.959999999999994,1
15376.0,38,1,642.37,0
15377.0,198,4,1211.75,1
15378.0,278,2,246.5,1
15379.0,2,7,4747.04,0
15380.0,181,7,1788.8,0
15381.0,29,5,1890.57,1
15382.0,0,10,9904.960000000001,0
15384.0,175,3,1688.95,0
15385.0,208,2,625.2,0
15386.0,2,1,394.14,1
15387.0,308,1,468.65,1
15388.0,86,1,140.54,1
15389.0,216,4,2233.8,0
15390.0,212,2,1216.66,1
15391.0,400,1,289.87,1
15392.0,176,4,1715.07,0
15393.0,97,4,783.58,0
15394.0,20,9,4539.7,0
15395.0,141,1,107.45,1
15396.0,399,1,508.20000000000005,0
15397.0,105,1,94.0,1
15400.0,0,5,1044.9,0
15401.0,268,2,216.95,1
15402.0,12,5,1644.76,0
15403.0,307,2,170.88,1
15404.0,191,1,257.06,1
15405.0,5,2,659.84,1
15406.0,117,3,717.45,0
15407.0,38,2,329.86,0
15408.0,80,1,267.18,1
15409.0,537,1,131.25,1
15410.0,19,6,3035.77,0
15413.0,507,5,6798.72,1
15414.0,58,1,36.2,0
15415.0,129,1,559.61,1
15416.0,55,5,2862.93,0
15418.0,241,2,449.42,1
15420.0,250,6,743.0,1
15421.0,31,9,3594.34,0
15422.0,139,7,1619.97,1
15423.0,397,2,223.39000000000001,0
15424.0,70,3,597.78,1
15425.0,216,4,1941.1200000000001,1
15426.0,73,6,1386.41,0
15428.0,203,3,668.97,0
15430.0,283,2,954.75,1
15431.0,318,1,153.24,1
15432.0,357,1,149.57,0
15433.0,29,2,533.3,1
15434.0,16,7,1832.54,0
15436.0,50,1,484.1,0
15437.0,78,2,393.45,1
15439.0,220,4,1269.05,1
15440.0,24,1,125.8,0
15441.0,212,3,1254.21,1
15442.0,64,1,594.0,1
15443.0,136,8,2338.35,0
15445.0,80,2,284.5,1
15446.0,192,3,399.75,1
15447.0,146,5,492.88,1
15448.0,128,2,788.8100000000001,1
15449.0,1,2,647.7,0
15451.0,250,2,226.86,1
15452.0,80,4,1493.63,0
15453.0,3,1,194.34,0
15454.0,178,2,305.99,1
15455.0,413,1,38.25,1
15456.0,99,10,2091.52,1
15457.0,78,1,237.07,1
15458.0,218,1,208.8,0
15459.0,233,2,202.83,1
15460.0,170,1,214.26,1
15461.0,276,2,429.7,1
15462.0,3,2,607.45,0
15464.0,154,1,1044.65,1
15465.0,49,26,9909.24,0
15466.0,205,3,1225.93,0
15468.0,208,1,962.97,0
15469.0,254,1,335.70000000000005,0
15470.0,391,1,63.419999999999995,1
15471.0,196,2,837.53,0
15473.0,260,1,274.8,0
15474.0,411,1,150.35,1
15476.0,196,4,2209.98,1
15477.0,465,1,368.4,1
15478.0,391,1,583.5600000000001,0
15479.0,549,1,147.4,1
15480.0,281,4,5373.5,0
15481.0,217,1,1993.34,1
15482.0,66,10,4799.84,0
15483.0,82,7,703.51,0
15484.0,356,2,1061.69,0
15485.0,152,6,3514.55,0
15486.0,343,1,102.0,1
15487.0,495,1,231.32,1
15488.0,272,4,340.6,0
15489.0,27,6,1633.5900000000001,0
15490.0,246,1,210.85,1
15491.0,34,3,1644.92,0
15493.0,65,6,3087.7200000000003,0
15494.0,294,3,2422.02,0
15495.0,195,1,246.5,1
15496.0,447,1,146.14,1
15497.0,135,8,8365.79,0
15498.0,5,30,18799.31,0
15499.0,539,1,158.65,1
15501.0,220,2,399.95,1
15502.0,91,6,5259.4,0
15503.0,178,2,257.3,1
15504.0,336,3,349.87,0
15506.0,197,3,1058.25,0
15508.0,5,6,1000.27,1
15509.0,196,1,152.41,1
15510.0,146,1,250.0,1
15512.0,175,3,311.78,0
15513.0,15,28,17748.29,0
15514.0,41,13,4870.28,0
15515.0,203,1,171.81,1
15517.0,49,1,267.03,1
15518.0,31,11,3242.61,0
15519.0,199,2,344.61,1
15521.0,28,12,5765.82,0
15523.0,204,15,16847.18,0
15524.0,422,1,151.4,0
15525.0,189,2,430.78000000000003,0
15527.0,35,18,4026.4,0
15528.0,70,1,229.33,1
15529.0,26,8,2751.62,0
15530.0,62,2,859.46,0
15532.0,174,7,2527.92,0
15534.0,541,1,162.25,1
15535.0,52,5,919.36,0
15536.0,225,1,259.09,1
15538.0,353,6,3358.4,1
15540.0,191,1,247.38,0
15542.0,328,3,855.71,1
15543.0,104,2,242.26,1
15544.0,27,15,6020.65,0
15545.0,187,1,135.32999999999998,0
15546.0,422,2,1079.1000000000001,1
15547.0,10,19,7529.58,0
15548.0,411,1,158.09,1
15549.0,132,6,1583.0,0
15550.0,117,9,1773.32,0
15551.0,210,6,1243.75,0
15552.0,33,2,252.52,1
15554.0,93,1,217.2,1
15555.0,6,26,8223.49,0
15558.0,455,1,202.68,1
15559.0,384,1,1109.4,1
15560.0,213,2,153.52,1
15561.0,31,5,1399.55,0
15562.0,167,3,671.4300000000001,1
15563.0,16,5,2194.64,0
15564.0,279,2,70.74000000000001,1
15566.0,208,2,227.87,1
15569.0,148,6,2496.24,0
15570.0,22,21,7096.39,0
15571.0,202,10,3241.92,0
15572.0,64,6,2305.32,0
15573.0,434,3,597.23,0
15574.0,174,5,989.34,0
15575.0,435,1,30.1,1
15577.0,121,3,166.8,0
15579.0,129,4,1118.38,0
15580.0,192,8,1375.39,1
15581.0,42,33,4435.39,0
15582.0,36,1,303.61,0
15583.0,192,1,95.96,1
15584.0,215,2,547.34,0
15586.0,408,3,1139.1000000000001,1
15587.0,167,4,953.28,0
15588.0,493,1,579.6,1
15589.0,71,3,478.53,1
15590.0,198,5,1496.6,1
15591.0,398,3,217.9,1
15594.0,50,1,267.91,0
15595.0,303,1,357.59999999999997,1
15596.0,30,8,2710.82,0
15597.0,391,1,238.8,0
15598.0,243,1,307.34,0
15599.0,20,2,937.15,0
15600.0,244,4,1199.31,1
15601.0,19,25,12163.77,0
15602.0,16,12,2383.04,0
15603.0,464,1,40.0,0
15605.0,68,7,1233.9,0
15606.0,38,14,4137.18,0
15607.0,152,9,1708.97,1
15608.0,231,1,692.3,0
15609.0,0,1,298.48,1
15611.0,7,17,1837.93,0
15613.0,426,1,433.71999999999997,1
15614.0,253,4,3147.36,1
15615.0,28,34,15713.29,0
15616.0,254,1,317.11,1
15617.0,212,3,828.5500000000001,1
15620.0,36,3,1264.19,0
15622.0,13,13,6745.05,0
15623.0,209,7,2136.02,0
15624.0,22,2,311.40000000000003,0
15625.0,51,6,2397.47,0
15626.0,145,2,673.6,0
15627.0,273,2,566.9,1
15628.0,71,10,3153.85,0
15629.0,266,4,2240.9,1
15630.0,20,2,691.91,0
15631.0,458,1,596.67,1
15632.0,41,3,1242.5,0
15633.0,325,13,4335.96,1
15634.0,199,1,311.1,0
15635.0,211,1,100.35,1
15636.0,98,3,1026.52,0
15637.0,229,4,574.23,0
15638.0,194,6,2265.2,1
15639.0,267,2,639.76,0
15640.0,1,22,17785.77,0
15641.0,76,11,4763.7300000000005,0
15642.0,545,1,105.78,1
15643.0,7,3,664.0,1
15644.0,72,3,423.19,0
15645.0,230,2,443.16,0
15646.0,62,4,677.21,0
15647.0,231,1,169.0,1
15648.0,20,2,639.5,1
15649.0,152,4,1660.35,1
15650.0,337,2,553.88,1
15651.0,76,3,840.08,0
15652.0,203,4,1068.2,0
15655.0,59,1,560.6700000000001,1
15656.0,36,2,306.86,0
15658.0,6,8,2117.27,1
15659.0,202,2,226.04,0
15660.0,20,10,1741.85,0
15661.0,133,8,1215.95,1
15662.0,477,2,283.73,1
15664.0,265,3,867.6,0
15665.0,59,4,3221.28,0
15666.0,288,2,632.94,1
15668.0,33,1,76.32000000000001,1
15669.0,79,1,198.8,0
15670.0,112,2,325.2,1
15671.0,58,3,1033.13,0
15672.0,541,1,45.300000000000004,1
15673.0,30,7,5174.13,0
15674.0,29,12,5881.29,0
15675.0,96,2,263.35,0
15676.0,99,1,897.8,0
15677.0,237,2,648.4,0
15678.0,211,2,1473.24,0
15680.0,182,8,3173.9,0
15681.0,96,10,1909.22,0
15682.0,415,2,318.24,1
15683.0,289,1,330.79,0
15684.0,363,3,173.95,1
15685.0,266,1,55.980000000000004,1
15686.0,236,1,90.0,1
15687.0,2,5,1679.45,0
15688.0,234,1,190.57,1
15689.0,177,2,370.43,0
15691.0,68,4,571.3,1
15693.0,475,1,37.5,1
15694.0,3,18,6500.78,0
15695.0,82,4,1131.04,1
15696.0,36,11,2800.06,0
15697.0,505,1,246.75,1
15698.0,440,1,46.2,1
15702.0,292,2,140.39,1
15703.0,80,1,211.5,1
15704.0,3,4,2948.36,0
15705.0,17,1,143.1,1
15708.0,38,7,2609.11,0
15709.0,99,2,327.85,1
15710.0,233,1,898.87,1
15711.0,372,2,420.25,1
15712.0,103,8,2699.85,0
15713.0,182,3,654.09,0
15714.0,269,3,453.93,0
15715.0,371,5,658.02,1
15716.0,17,10,2268.89,0
15717.0,50,5,607.0,1
15718.0,356,1,293.79,1
15719.0,15,25,7594.77,0
15720.0,366,1,140.49,0
15722.0,3,8,3782.09,0
15723.0,180,4,930.7,1
15724.0,17,3,310.85,1
15726.0,206,1,321.91,1
15727.0,14,12,7443.62,0
15728.0,195,2,544.6,1
15729.0,28,3,192.55,1
15730.0,22,3,1073.13,0
15731.0,369,1,125.3,1
15732.0,28,10,1543.97,1
15733.0,98,1,162.3,1
15734.0,16,3,1502.5,0
15735.0,237,1,327.68,1
15736.0,251,2,1767.1200000000001,1
15737.0,2,4,712.73,0
15738.0,20,34,10843.94,0
15741.0,274,2,208.62,1
15742.0,435,1,156.87,1
15743.0,0,1,322.55,0
15745.0,52,1,302.85,0
15747.0,191,6,1553.17,0
15748.0,265,2,465.45,0
15749.0,51,3,44534.3,1
15750.0,99,13,4600.861,0
15751.0,276,11,1380.44,1
15752.0,65,5,2340.9900000000002,0
15753.0,120,1,79.2,1
15754.0,62,7,2670.84,0
15755.0,51,13,4249.6,0
15756.0,29,2,244.17,0
15757.0,33,5,2487.3,0
15759.0,34,7,830.9300000000001,1
15760.0,446,2,13916.34,1
15761.0,258,1,143.05,1
15764.0,0,5,2917.63,0
15765.0,482,1,370.63,1
15766.0,272,2,516.0,0
15768.0,19,33,15166.210000000001,0
15769.0,13,33,60249.52,0
15770.0,428,1,321.45,1
15771.0,420,3,1006.54,1
15772.0,234,1,280.88,1
15773.0,225,1,138.84,0
15774.0,234,5,1017.5400000000001,0
15775.0,61,2,150.5,1
15777.0,57,7,1762.6100000000001,1
15778.0,247,1,307.95000000000005,1
15779.0,279,2,124.08000000000001,1
15780.0,58,2,402.76000000000005,0
15781.0,121,1,83.35,0
15782.0,246,1,1399.36,0
15784.0,283,2,848.33,1
15785.0,13,13,4971.36,0
15786.0,233,2,3582.62,0
15788.0,324,1,221.83,1
15789.0,174,6,1962.01,1
15791.0,20,4,3218.89,0
15792.0,215,2,933.84,1
15793.0,84,6,1740.6,0
15794.0,552,2,777.0,1
15795.0,246,7,1369.8600000000001,0
15796.0,3,13,3709.9900000000002,0
15797.0,30,5,2453.88,0
15798.0,308,3,1535.37,1
15799.0,1,3,1018.44,0
15800.0,62,6,774.68,0
15803.0,261,3,1513.84,0
15804.0,14,1,525.36,0
15805.0,1,20,7365.17,0
15806.0,92,1,300.36,0
15807.0,224,2,913.62,0
15808.0,122,21,17180.25,1
15809.0,0,6,1157.88,0
15810.0,48,6,2461.18,0
15811.0,21,5,2562.37,0
15812.0,5,10,4454.55,0
15813.0,23,2,1303.9099999999999,1
15814.0,209,2,689.11,0
15815.0,28,3,1394.08,0
15816.0,358,2,144.15,1
15817.0,236,3,2766.4,1
15818.0,404,1,340.5,1
15819.0,15,8,3206.48,0
15820.0,135,1,206.98,1
15822.0,175,5,1394.79,0
15823.0,188,3,3882.17,1
15824.0,269,2,890.94,1
15826.0,26,2,1663.97,0
15827.0,31,23,2678.74,0
15828.0,191,1,1108.82,1
15831.0,140,1,309.94,0
15832.0,70,1,836.79,1
15833.0,553,1,80.4,1
15834.0,93,5,2812.01,0
15835.0,76,2,488.31,0
15837.0,301,1,385.03000000000003,0
15838.0,6,22,47771.299999999996,0
15841.0,34,7,2131.61,0
15842.0,209,2,548.8000000000001,1
15843.0,119,1,118.95,1
15845.0,26,6,2251.67,0
15846.0,201,1,107.01,1
15847.0,104,4,613.98,0
15848.0,437,1,137.99,1
15850.0,192,4,771.87,0
15851.0,342,1,109.73,1
15852.0,2,3,257.26,1
15854.0,20,15,4193.55,0
15855.0,22,4,682.99,0
15856.0,19,33,22948.510000000002,0
15857.0,246,1,273.48,0
15858.0,105,10,2941.06,0
15859.0,248,1,438.46,1
15860.0,48,12,1816.4,0
15861.0,83,6,1938.52,0
15862.0,20,11,2170.42,0
15863.0,8,4,295.46,0
15864.0,132,2,486.86,0
15865.0,29,3,1660.22,0
15867.0,12,25,6865.71,0
15868.0,399,1,94.53,1
15869.0,93,3,321.11,1
15870.0,212,3,506.02000000000004,0
15871.0,253,1,33.099999999999994,1
15872.0,194,2,413.0,0
15873.0,315,4,313.91999999999996,1
15874.0,33,19,9041.68,0
15875.0,462,1,108.52,1
15876.0,225,2,1449.14,1
15878.0,377,2,330.77,1
15879.0,220,4,1137.8,1
15880.0,185,1,329.03,1
15881.0,128,5,501.39,1
15882.0,14,8,1124.66,1
15884.0,248,2,244.60000000000002,1
15885.0,125,13,1587.47,0
15886.0,232,3,871.78,0
15887.0,222,3,1027.15,1
15888.0,216,2,260.85,0
15889.0,185,7,1279.6,0
15890.0,210,5,535.65,1
15891.0,42,1,511.68,1
15892.0,485,1,128.2,1
15893.0,297,1,305.28000000000003,1
15894.0,69,2,258.25,1
15897.0,10,2,208.59,1
15898.0,42,24,4610.56,0
15899.0,184,1,56.25,1
15900.0,229,3,549.29,0
15901.0,267,4,335.99,0
15902.0,196,1,145.01,1
15903.0,43,7,4454.72,0
15905.0,359,1,114.69,1
15906.0,35,6,1645.66,0
15907.0,26,1,223.07,0
15908.0,306,2,758.62,1
15910.0,23,11,1982.9,0
15911.0,439,8,1700.24,1
15912.0,49,8,951.57,0
15913.0,350,1,6.300000000000001,1
15914.0,194,2,205.99,1
15915.0,217,1,364.45,1
15916.0,7,10,2489.33,0
15917.0,63,5,530.17,1
15918.0,6,3,582.88,1
15919.0,184,1,214.07999999999998,0
15920.0,240,5,401.64,0
15921.0,212,3,452.23,0
15922.0,189,1,369.5,1
15923.0,188,1,127.08,1
15924.0,547,1,102.82,1
15925.0,10,1,207.15,1
15926.0,358,1,134.44,1
15927.0,463,1,106.54,1
15928.0,472,1,293.53,1
15929.0,460,1,594.0,1
15931.0,244,1,239.9,1
15932.0,30,4,1273.25,0
15934.0,233,2,2190.66,1
15935.0,55,2,416.86,1
15936.0,195,2,282.79,1
15938.0,17,8,665.53,0
15939.0,12,10,7577.7300000000005,0
15940.0,127,1,35.8,1
15941.0,453,1,405.0,1
15943.0,465,2,271.28999999999996,1
15944.0,92,4,2164.24,1
15945.0,181,4,646.27,1
15946.0,318,3,2304.18,1
15948.0,240,1,553.85,0
15950.0,175,7,5805.02,0
15951.0,101,2,680.12,0
15952.0,41,1,232.65000000000003,0
15953.0,27,14,2607.1,0
15954.0,405,1,190.75,1
15955.0,19,11,5115.34,0
15956.0,367,2,617.6,1
15957.0,236,2,492.36,0
15958.0,219,3,357.77,0
15959.0,498,3,542.89,1
15960.0,190,4,410.95,1
15961.0,195,1,451.28999999999996,1
15962.0,265,1,289.48,1
15964.0,479,1,269.21000000000004,1
15965.0,183,10,2119.26,0
15966.0,266,1,426.53,1
15967.0,134,11,2730.22,0
15968.0,204,1,404.55,1
15969.0,1,3,769.65,0
15970.0,119,2,1017.3199999999999,1
15971.0,58,10,2789.13,0
15972.0,272,5,1769.33,1
15973.0,182,3,680.62,1
15974.0,0,4,2054.85,0
15976.0,36,5,1476.76,0
15978.0,248,2,2180.64,0
15979.0,418,1,329.21999999999997,1
15980.0,70,5,4905.0,0
15981.0,26,17,7576.49,0
15982.0,421,1,324.51,1
15983.0,176,7,2783.62,0
15984.0,49,25,6387.72,0
15985.0,52,6,2472.44,0
15986.0,197,1,186.3,0
15987.0,15,5,619.3,0
15988.0,367,2,582.11,0
15989.0,191,2,368.31,1
15990.0,103,6,1607.01,0
15991.0,350,1,150.55,1
15992.0,212,2,854.61,0
15994.0,227,2,761.41,0
15995.0,230,1,694.54,1
15996.0,79,4,980.99,0
15998.0,78,13,6969.34,0
15999.0,551,1,20.4,1
16001.0,197,1,583.39,1
16002.0,441,1,169.21,1
16003.0,175,6,4059.46,0
16004.0,290,5,2146.39,1
16005.0,86,7,1941.7,0
16006.0,27,2,332.82,1
16007.0,31,4,1723.22,0
16008.0,20,13,4999.5,0
16010.0,61,11,1694.86,1
16011.0,0,20,3466.71,0
16012.0,217,2,1563.3,0
16013.0,0,60,31749.16,0
16014.0,107,3,707.08,0
16016.0,12,7,1408.96,0
16017.0,233,4,1333.7,0
16018.0,212,2,289.23,0
16019.0,48,24,16032.42,0
16021.0,211,2,487.03,1
16022.0,76,1,602.63,1
16023.0,8,2,500.69,0
16024.0,227,2,232.96,0
16027.0,34,12,1630.41,0
16028.0,411,1,82.2,1
16029.0,2,74,73301.04,0
16030.0,125,1,331.24,1
16031.0,63,1,305.63,0
16032.0,272,6,1965.72,1
16033.0,16,18,5095.36,0
16034.0,12,6,911.32,1
16035.0,376,1,217.73,1
16036.0,79,3,1986.65,0
16037.0,85,5,1509.3400000000001,1
16038.0,17,1,316.95,0
16039.0,239,2,456.4,1
16040.0,84,5,1525.78,0
16042.0,148,4,1092.8,0
16043.0,27,7,1759.0900000000001,0
16044.0,251,1,340.84000000000003,1
16045.0,61,6,2955.48,0
16046.0,378,1,235.78,1
16047.0,498,1,107.14,1
16048.0,189,4,818.7900000000001,1
16049.0,191,3,777.34,0
16050.0,199,2,162.8,0
16051.0,497,1,188.44,1
16053.0,229,4,2122.89,0
16054.0,234,3,1327.98,0
16055.0,36,1,134.8,1
16057.0,27,6,2651.27,0
16058.0,222,1,62.7,1
16059.0,70,9,2241.41,0
16060.0,216,3,541.95,1
16061.0,247,1,89.65,1
16062.0,57,6,2288.01,0
16063.0,76,1,335.32,1
16064.0,541,1,109.31,1
16065.0,181,8,1992.13,1
16067.0,378,3,3269.11,1
16068.0,409,1,115.73,1
16069.0,233,1,457.7,1
16071.0,343,3,750.5600000000001,0
16072.0,104,4,4180.09,1
16073.0,113,1,122.4,1
16074.0,206,1,252.5,1
16075.0,318,2,736.9300000000001,1
16076.0,24,1,305.45,0
16077.0,441,1,2300.4,1
16078.0,99,2,362.99,1
16080.0,90,3,515.66,0
16081.0,1,6,2471.91,0
16082.0,486,1,106.75,1
16083.0,176,3,1371.78,0
16084.0,115,1,436.18,1
16085.0,52,9,1684.56,0
16086.0,16,8,2153.4,0
16087.0,205,5,1739.92,1
16088.0,391,2,1437.43,1
16089.0,202,2,263.49,1
16090.0,440,1,180.56,1
16091.0,14,1,157.25,0
16092.0,13,5,1363.81,0
16094.0,35,8,2869.43,0
16095.0,272,1,447.05,1
16096.0,80,4,1584.97,1
16097.0,56,1,185.04999999999998,1
16098.0,1,11,3227.29,0
16099.0,41,5,1159.6,0
16100.0,278,1,582.64,1
16101.0,250,3,1938.46,0
16103.0,2,19,5567.33,0
16104.0,234,8,2476.25,0
16105.0,64,5,2386.19,1
16108.0,250,3,1393.42,0
16109.0,34,3,939.48,1
16110.0,78,3,1138.82,0
16111.0,244,1,549.33,1
16112.0,149,2,136.14,0
16115.0,28,7,1399.22,0
16116.0,27,1,612.78,1
16117.0,5,3,654.4,1
16118.0,468,1,4376.25,1
16119.0,210,6,1297.45,0
16120.0,238,2,1658.3700000000001,0
16121.0,31,4,881.32,0
16122.0,148,4,461.04,0
16124.0,133,4,1772.49,1
16125.0,183,14,4292.35,1
16126.0,0,13,10200.83,0
16127.0,542,1,145.06,0
16128.0,98,7,2309.13,0
16129.0,223,3,1396.05,1
16130.0,238,4,987.48,1
16131.0,23,8,8115.4,0
16132.0,360,2,664.1999999999999,1
16133.0,1,35,15194.59,0
16134.0,175,4,1810.78,0
16135.0,78,2,819.45,1
16136.0,93,2,396.72,0
16137.0,496,1,422.7,1
16138.0,194,3,910.35,1
16139.0,22,3,615.5400000000001,0
16140.0,187,2,832.4200000000001,0
16141.0,233,1,335.54,0
16142.0,65,1,535.34,1
16143.0,28,10,3704.31,0
16144.0,62,1,175.2,1
16145.0,42,12,4322.2300000000005,0
16146.0,19,3,871.38,0
16147.0,216,4,2023.91,0
16148.0,112,2,386.62,1
16149.0,245,1,141.7,0
16150.0,86,7,2913.63,0
16152.0,84,1,1829.04,1
16153.0,1,9,4009.36,0
16155.0,197,5,796.9,1
16156.0,22,14,4126.71,0
16158.0,338,9,628.32,1
16159.0,97,4,1232.79,1
16161.0,14,34,9307.45,0
16162.0,68,1,37.4,1
16163.0,48,6,2407.98,1
16165.0,321,1,79.9,1
16166.0,244,2,435.83,1
16167.0,230,5,1386.12,1
16168.0,2,49,7968.38,0
16170.0,50,16,5609.53,0
16172.0,57,4,943.72,0
16174.0,307,4,1237.2,0
16175.0,20,5,1265.8300000000002,0
16176.0,237,4,2052.69,1
16177.0,252,7,1915.3600000000001,0
16178.0,217,1,414.7,0
16180.0,26,9,8741.12,0
16182.0,19,7,5871.0,0
16183.0,210,3,739.1,0
16184.0,27,1,148.22,0
16185.0,48,2,450.31,0
16186.0,5,19,6058.84,0
16187.0,19,7,2564.64,0
16188.0,42,3,671.57,0
16190.0,210,7,2508.4700000000003,0
16191.0,78,19,13112.980000000001,0
16192.0,551,1,351.3,1
16193.0,52,2,630.4300000000001,1
16194.0,191,1,308.6,1
16195.0,539,1,323.25,1
16196.0,304,1,93.3,1
16197.0,285,9,2016.71,1
16198.0,253,1,629.36,0
16199.0,208,7,942.75,1
16200.0,198,10,4539.23,0
16201.0,231,1,248.65,0
16202.0,176,9,2501.9900000000002,1
16203.0,43,4,669.24,0
16204.0,196,2,534.53,0
16205.0,212,3,1062.48,0
16206.0,24,11,2341.56,0
16208.0,105,9,3273.78,0
16209.0,2,6,2452.2200000000003,0
16210.0,29,26,23257.88,0
16211.0,237,2,543.5699999999999,0
16212.0,99,3,1101.52,0
16214.0,68,3,1725.17,0
16216.0,83,1,914.9300000000001,1
16217.0,51,2,304.25,1
16218.0,22,10,2612.75,0
16219.0,316,1,40.8,1
16221.0,91,8,1474.43,0
16222.0,134,2,1272.05,1
16223.0,190,2,1087.05,1
16224.0,56,3,864.45,0
16225.0,93,12,2179.6,0
16226.0,19,5,672.17,1
16227.0,41,3,1027.22,1
16228.0,201,3,885.71,1
16229.0,28,5,2215.46,0
16230.0,5,2,542.03,1
16231.0,195,4,1074.47,1
16232.0,31,5,2088.56,0
16233.0,145,8,1608.13,0
16234.0,292,3,333.18,1
16235.0,2,7,1851.69,0
16237.0,253,1,136.65,1
16238.0,238,1,63.66,1
16239.0,5,5,1425.9,0
16241.0,28,7,2231.11,0
16242.0,30,9,4217.6900000000005,0
16244.0,27,2,1522.75,1
16245.0,72,1,453.98,0
16246.0,275,2,821.35,1
16249.0,17,2,1020.53,0
16250.0,77,3,565.24,1
16251.0,328,1,128.31,1
16252.0,198,1,295.09000000000003,1
16253.0,71,6,5288.74,0
16254.0,194,3,967.44,1
16255.0,62,11,2971.76,0
16256.0,82,3,1629.37,1
16258.0,35,11,7771.47,0
16259.0,226,3,340.94,1
16261.0,62,3,565.14,0
16262.0,194,1,755.15,1
16263.0,239,1,348.16,1
16264.0,254,2,823.53,1
16265.0,76,8,4363.31,0
16266.0,16,10,1267.9,0
16267.0,407,1,186.66,1
16269.0,253,1,717.57,1
16270.0,169,1,1141.24,1
16271.0,174,6,2126.4,0
16273.0,464,2,318.34000000000003,1
16274.0,189,1,351.75,1
16275.0,12,3,2151.11,1
16276.0,295,2,1818.79,0
16277.0,549,1,188.69,1
16278.0,296,2,551.46,0
16279.0,201,6,4195.5,0
16280.0,541,1,238.05,1
16281.0,239,2,1361.96,0
16282.0,155,3,1307.5800000000002,1
16283.0,24,4,3057.32,0
16284.0,209,1,205.8,0
16285.0,462,1,176.9,1
16286.0,293,2,328.95,1
16287.0,192,4,864.48,0
16288.0,286,1,129.85,1
16289.0,278,1,136.31,1
16290.0,280,4,1957.7,1
16291.0,498,1,117.72,1
16292.0,196,4,951.51,0
16293.0,23,9,3159.9500000000003,0
16294.0,292,1,126.05000000000001,1
16296.0,442,4,1313.67,1
16297.0,84,1,301.9,1
16298.0,2,5,601.8,0
16299.0,293,1,193.65,1
16300.0,246,3,1367.32,1
16301.0,552,1,107.33,1
16303.0,149,5,3394.82,0
16304.0,510,1,381.66,1
16306.0,29,7,1124.72,1
16307.0,245,3,1194.92,1
16308.0,33,5,3520.0,0
16309.0,56,1,334.2,0
16310.0,230,2,460.08,1
16312.0,248,1,171.15,1
16314.0,205,3,1491.4,1
16315.0,146,2,402.71,1
16316.0,22,10,4635.11,0
16317.0,113,3,1421.6200000000001,0
16319.0,33,1,404.40000000000003,1
16320.0,29,5,5443.21,0
16321.0,121,5,454.55,0
16323.0,12,2,353.66,1
16325.0,61,10,3194.08,0
16326.0,30,13,2208.31,0
16327.0,15,14,8809.01,0
16328.0,379,1,310.83,1
16329.0,243,4,1664.92,1
16330.0,240,4,373.46999999999997,0
16331.0,248,6,2037.7,1
16332.0,121,5,539.51,0
16333.0,8,16,13087.2,0
16334.0,308,1,263.73,1
16335.0,367,7,2753.52,1
16336.0,236,4,3517.69,1
16339.0,100,1,94.05,1
16340.0,255,2,961.93,0
16341.0,17,4,2676.57,0
16343.0,223,1,285.54,0
16344.0,325,3,741.3199999999999,0
16345.0,299,1,613.33,0
16346.0,201,1,224.51,1
16347.0,204,9,2595.51,0
16348.0,7,4,887.84,0
16349.0,106,1,53.5,1
16350.0,149,6,1514.1200000000001,0
16351.0,148,13,3330.03,1
16353.0,33,26,5275.03,0
16354.0,195,3,723.66,0
16355.0,191,1,416.35,1
16356.0,13,6,415.87,1
16357.0,29,2,347.39,0
16358.0,0,2,1354.3000000000002,0
16359.0,30,12,1963.09,0
16362.0,253,1,212.17000000000002,0
16365.0,69,9,2116.2799999999997,0
16366.0,398,3,1220.83,0
16367.0,178,2,716.9,0
16368.0,251,1,141.53,0
16369.0,12,5,1465.6000000000001,0
16370.0,41,1,272.17,0
16371.0,264,1,157.2,1
16372.0,225,3,934.58,0
16373.0,198,2,309.49,1
16374.0,78,4,1410.87,0
16375.0,286,2,104.0,1
16377.0,83,2,1308.48,1
16378.0,63,3,362.95,1
16381.0,211,2,247.85,1
16382.0,224,2,353.1,1
16383.0,84,6,2562.39,0
16384.0,79,3,1183.55,0
16385.0,182,3,473.69,0
16386.0,69,2,826.69,0
16387.0,138,5,882.46,1
16388.0,469,1,186.05,1
16389.0,21,2,670.1700000000001,0
16390.0,352,3,467.5,1
16391.0,216,4,1052.26,1
16392.0,85,3,756.7,1
16393.0,1,16,3226.35,0
16394.0,64,2,619.3,0
16395.0,139,11,2486.91,0
16396.0,292,1,137.8,1
16397.0,444,1,123.13,1
16398.0,69,1,1169.95,0
16399.0,51,2,400.61,0
16400.0,211,8,2755.92,0
16401.0,26,16,4412.72,0
16402.0,80,2,293.45,1
16403.0,128,1,177.5,1
16405.0,118,2,167.25,1
16406.0,266,2,374.01,0
16407.0,10,9,1471.76,0
16408.0,407,1,231.93,1
16409.0,58,9,4433.32,0
16410.0,550,1,130.32,1
16411.0,185,3,673.24,0
16412.0,209,4,457.2,0
16413.0,191,1,259.83,0
16414.0,96,4,475.76,0
16415.0,399,2,496.49,0
16416.0,206,6,1906.48,0
16417.0,308,1,35.7,1
16418.0,42,3,543.53,0
16419.0,91,4,1021.92,0
16420.0,212,1,75.0,1
16421.0,192,3,526.27,1
16422.0,1,86,46529.32,0
16424.0,7,2,443.06,1
16425.0,118,1,302.7,1
16426.0,92,1,328.37,0
16427.0,79,2,241.06,1
16428.0,229,3,638.49,1
16430.0,197,6,817.09,0
16431.0,29,3,623.28,1
16433.0,224,1,200.26,0
16434.0,8,8,1878.6100000000001,0
16435.0,328,3,1003.0699999999999,1
16436.0,484,3,319.14,1
16437.0,197,2,301.25,1
16439.0,538,1,310.70000000000005,1
16440.0,30,2,488.76,0
16441.0,107,4,848.9300000000001,0
16442.0,43,4,715.11,0
16443.0,336,1,162.24,1
16444.0,10,15,3211.29,0
16445.0,202,3,352.65,0
16446.0,21,1,2.9,0
16447.0,406,2,471.19,0
16448.0,14,2,361.12,1
16449.0,13,2,707.69,1
16450.0,400,2,1193.81,0
16451.0,377,2,746.1800000000001,0
16452.0,446,2,332.17,1
16453.0,346,2,251.71,1
16454.0,422,2,24.05,0
16455.0,20,9,3288.17,0
16456.0,43,11,5419.18,0
16457.0,34,1,208.36,1
16458.0,3,19,3513.85,0
16459.0,545,1,71.78999999999999,1
16461.0,406,2,1402.91,0
16462.0,1,2,68.0,0
16463.0,20,1,319.37,0
16465.0,236,2,746.24,1
16466.0,24,10,2492.65,0
16467.0,324,7,2869.16,1
16468.0,286,2,712.62,0
16469.0,62,3,446.78000000000003,0
16470.0,8,9,2009.74,0
16471.0,90,4,1189.98,1
16472.0,250,2,789.6,1
16473.0,103,3,372.53000000000003,0
16475.0,89,1,310.0,0
16476.0,247,1,350.35,1
16477.0,30,9,3152.42,0
16481.0,498,1,453.38,1
16483.0,8,1,139.35,1
16484.0,6,1,285.7,0
16485.0,248,4,1923.54,0
16486.0,353,1,134.36,1
16487.0,393,2,209.4,1
16489.0,196,2,303.7,1
16490.0,252,1,205.41000000000003,1
16491.0,229,1,801.66,0
16492.0,356,1,385.56,1
16493.0,101,5,1148.26,0
16494.0,112,1,826.53,1
16495.0,92,2,246.51,0
16496.0,23,5,1916.29,0
16497.0,19,22,5280.29,0
16499.0,176,8,2578.34,1
16500.0,146,4,608.05,0
16501.0,199,1,1191.23,1
16502.0,436,2,258.55,1
16503.0,30,10,3275.8,0
16507.0,388,1,142.71,1
16508.0,446,1,240.95,1
16509.0,112,1,363.70000000000005,1
16510.0,188,6,1777.5,1
16511.0,82,4,1172.51,0
16515.0,62,7,2174.26,0
16517.0,93,1,162.70000000000002,1
16518.0,100,3,665.75,0
16519.0,181,3,327.68,0
16520.0,2,6,2148.38,1
16521.0,231,3,1140.11,1
16522.0,251,2,433.36,1
16523.0,15,15,5333.46,0
16524.0,262,2,306.19,1
16525.0,0,38,19310.96,0
16526.0,400,1,426.85,0
16527.0,240,1,1004.88,0
16529.0,6,4,1986.8,1
16530.0,484,1,48.35,1
16531.0,110,7,1538.57,0
16532.0,154,3,3918.24,0
16534.0,458,1,635.9,1
16535.0,201,2,378.28999999999996,0
16537.0,457,1,23.35,1
16538.0,357,3,395.07,1
16539.0,35,9,2954.46,0
16540.0,230,1,205.75,1
16541.0,551,1,424.03,1
16542.0,217,1,137.7,0
16543.0,407,1,292.21,1
16544.0,335,4,376.70000000000005,1
16545.0,191,1,350.52,0
16546.0,106,5,5307.07,1
16547.0,362,1,104.25999999999999,1
16548.0,415,1,30.15,1
16549.0,150,25,8866.39,0
16550.0,1,16,7940.9400000000005,0
16551.0,152,5,1626.07,0
16552.0,58,2,379.73,1
16553.0,21,30,15595.37,0
16554.0,38,7,2318.73,0
16555.0,321,4,1629.79,0
16556.0,17,14,6337.610000000001,0
16558.0,8,28,8416.2,0
16559.0,213,1,175.0,1
16560.0,174,7,2539.15,0
16562.0,292,1,223.86,1
16563.0,216,5,3334.82,0
16564.0,385,1,87.80000000000001,1
16565.0,180,4,773.05,1
16566.0,8,2,280.12,0
16567.0,10,2,865.6,1
16568.0,243,2,1020.9,1
16569.0,447,4,1331.03,0
16570.0,21,13,5169.14,0
16571.0,97,8,3263.73,0
16572.0,91,1,342.58,0
16573.0,106,1,292.63,0
16574.0,239,2,850.34,0
16576.0,236,2,540.87,1
16577.0,482,1,380.0,1
16578.0,442,1,156.6,1
16579.0,241,1,295.05,1
16583.0,189,2,297.95,1
16584.0,70,4,2832.03,0
16585.0,409,2,341.59000000000003,1
16586.0,64,3,1462.78,1
16587.0,48,1,225.15,1
16588.0,202,4,1361.28,1
16589.0,266,1,153.12,0
16590.0,216,2,605.9,1
16592.0,17,18,4847.06,0
16593.0,5,7,996.61,0
16595.0,192,4,1397.59,0
16596.0,182,3,329.48,0
16598.0,101,1,145.05,1
16599.0,201,1,172.8,1
16600.0,69,9,1577.35,0
16601.0,206,2,434.3,0
16602.0,204,1,235.25,0
16604.0,378,2,432.45000000000005,1
16605.0,540,1,60.48,1
16606.0,220,2,357.66,1
16607.0,23,18,4076.22,0
16608.0,269,2,1286.6200000000001,1
16609.0,13,3,1987.6200000000001,0
16610.0,35,1,75.66,1
16611.0,2,6,1785.13,1
16612.0,2,7,2766.67,0
16614.0,218,2,673.6,0
16615.0,442,1,291.5,1
16617.0,51,1,151.85,1
16618.0,26,4,1441.29,0
16619.0,79,4,1938.3300000000002,1
16620.0,76,5,1675.73,0
16621.0,31,2,490.7,0
16622.0,359,1,225.4,1
16623.0,61,4,1015.24,1
16624.0,13,1,426.43,0
16625.0,90,5,1654.03,1
16626.0,0,2,1391.88,0
16628.0,34,4,842.96,0
16630.0,223,1,106.80000000000001,1
16631.0,297,7,1892.52,1
16632.0,301,2,406.4,1
16633.0,50,1,447.52000000000004,0
16634.0,38,6,1649.81,1
16635.0,222,1,473.0,1
16636.0,254,4,3802.04,1
16637.0,41,1,303.62,0
16638.0,73,11,1910.8500000000001,0
16639.0,22,3,961.62,0
16640.0,213,1,179.4,1
16641.0,517,1,323.4,0
16642.0,23,2,696.85,0
16643.0,61,2,923.11,1
16644.0,28,1,722.41,0
16645.0,551,1,160.39,1
16646.0,265,1,678.8,1
16647.0,20,3,455.59,0
16648.0,271,2,382.14,0
16649.0,336,1,306.58,1
16650.0,236,6,1397.69,0
16651.0,402,1,136.2,1
16652.0,28,12,13831.04,0
16654.0,3,7,1420.05,0
16655.0,1,9,3864.44,0
16656.0,8,21,11764.85,0
16657.0,70,1,215.43,0
16658.0,184,6,690.83,1
16659.0,5,1,39.12,1
16660.0,26,5,996.26,0
16661.0,356,4,932.76,1
16662.0,210,1,151.05,1
16663.0,545,1,165.0,1
16664.0,385,1,109.2,1
16665.0,178,1,135.4,1
16666.0,437,1,98.73,0
16667.0,100,1,200.4,0
16668.0,30,9,678.28,0
16670.0,63,14,5882.47,0
16672.0,0,10,4154.34,0
16673.0,495,1,171.13,1
16675.0,257,2,608.86,1
16676.0,29,5,1868.28,0
16677.0,227,2,880.62,1
16678.0,13,5,1266.65,0
16679.0,182,3,663.31,1
16680.0,344,2,637.75,0
16681.0,21,4,1027.3400000000001,0
16682.0,3,1,525.5,0
16683.0,349,1,320.25,1
16684.0,21,40,105565.15,0
16686.0,10,13,3116.82,0
16687.0,206,1,157.63,1
16690.0,17,3,213.95,0
16691.0,234,2,178.83,1
16692.0,72,4,1914.6999999999998,1
16693.0,87,4,855.03,0
16694.0,539,1,98.30000000000001,1
16695.0,377,2,191.9,1
16696.0,19,3,558.9,0
16697.0,57,1,112.75,1
16698.0,42,2,1998.0,1
16699.0,196,7,994.6,1
16700.0,17,19,6702.45,0
16701.0,5,19,6716.72,0
16702.0,231,4,1110.83,1
16704.0,434,2,664.16,1
16705.0,23,30,36088.551,0
16707.0,216,4,533.41,1
16709.0,15,13,8010.73,0
16710.0,23,18,5082.19,0
16711.0,118,6,1816.25,0
16712.0,28,6,1819.78,0
16713.0,51,25,9816.41,0
16714.0,34,4,1497.33,1
16715.0,378,1,323.8,0
16716.0,82,3,2149.6800000000003,1
16717.0,182,9,3127.85,0
16718.0,185,5,3006.08,1
16719.0,51,11,2719.08,0
16720.0,192,2,605.79,0
16721.0,78,1,292.47,1
16722.0,16,14,5422.01,0
16723.0,259,2,654.96,0
16724.0,220,1,147.35,1
16725.0,118,14,1688.26,1
16726.0,12,6,1482.3,0
16727.0,180,4,1377.77,1
16728.0,52,2,326.93,0
16729.0,6,10,3118.74,0
16730.0,50,2,480.94,0
16731.0,464,1,170.3,1
16732.0,219,3,3783.89,0
16733.0,345,1,259.68,1
16735.0,55,11,5014.77,0
16736.0,321,5,2956.56,1
16737.0,393,1,417.6,0
16738.0,113,1,3.75,1
16739.0,352,1,463.43,0
16740.0,211,1,226.91,1
16741.0,441,1,173.06,1
16742.0,308,13,2334.9700000000003,0
16743.0,27,10,3060.77,0
16745.0,27,9,3574.43,0
16746.0,10,32,14238.27,0
16748.0,33,12,3031.63,0
16749.0,407,2,4157.88,1
16750.0,48,1,118.7,0
16752.0,188,1,207.5,1
16754.0,188,29,65500.07,1
16755.0,42,6,2297.7200000000003,0
16756.0,30,7,1312.3700000000001,1
16757.0,134,2,270.48,1
16760.0,246,1,228.0,1
16763.0,14,2,964.6999999999999,1
16765.0,110,2,454.75,1
16766.0,89,2,1145.6,1
16767.0,35,7,5125.22,0
16768.0,87,7,1403.73,0
16769.0,76,4,1117.05,1
16770.0,52,8,1671.21,0
16771.0,91,8,3358.7400000000002,0
16772.0,239,3,3698.05,1
16773.0,252,2,249.65,0
16774.0,239,4,905.96,0
16775.0,21,9,1821.1299999999999,0
16776.0,231,1,220.97,0
16777.0,73,4,1243.08,0
16778.0,90,1,93.18,0
16779.0,35,41,25978.07,0
16780.0,75,2,336.05,0
16781.0,188,2,623.0,1
16782.0,20,32,8704.52,0
16783.0,252,1,391.95,1
16784.0,192,4,784.73,0
16785.0,225,1,533.78,1
16786.0,209,1,51.84,1
16787.0,213,4,1017.53,1
16788.0,70,4,1629.01,0
16791.0,29,12,2819.6,0
16792.0,98,5,623.46,1
16794.0,196,5,856.1999999999999,0
16795.0,181,3,2062.41,1
16797.0,209,5,1802.02,1
16798.0,370,3,841.16,1
16799.0,248,2,452.78000000000003,1
16801.0,8,3,1453.38,0
16802.0,495,2,582.61,1
16804.0,86,1,118.05,0
16805.0,176,4,845.52,0
16806.0,36,2,396.63,0
16807.0,31,5,1654.12,0
16808.0,90,1,166.5,0
16809.0,24,6,1155.82,0
16810.0,8,2,842.04,1
16812.0,176,4,2392.0,1
16813.0,7,2,301.66,0
16814.0,8,27,9606.01,0
16815.0,269,2,406.02,1
16816.0,129,2,325.45,0
16817.0,1,11,2135.38,0
16818.0,7,3,1147.97,0
16819.0,281,2,182.59,1
16821.0,197,1,113.35,1
16822.0,502,1,181.39,1
16823.0,43,7,2243.09,1
16824.0,209,1,225.6,0
16825.0,1,4,1370.41,0
16827.0,209,5,392.13,1
16829.0,204,1,316.1,0
16830.0,258,3,881.59,0
16831.0,380,1,91.8,1
16832.0,0,5,417.61,1
16833.0,75,5,1973.8,0
16834.0,43,2,898.96,1
16835.0,189,5,1357.56,0
16836.0,222,2,530.5,0
16837.0,13,8,1814.74,0
16838.0,13,4,1159.6100000000001,1
16839.0,1,24,12207.17,0
16840.0,419,2,139.85,1
16841.0,1,9,3079.42,0
16842.0,118,1,520.5699999999999,0
16843.0,13,25,13216.76,0
16844.0,378,2,614.34,1
16845.0,434,1,253.88,1
16846.0,393,2,628.09,0
16847.0,434,1,421.45,0
16848.0,192,3,1130.2,0
16849.0,2,1,124.57,1
16850.0,149,1,332.41,1
16854.0,233,2,1408.96,1
16856.0,233,2,323.09000000000003,0
16857.0,258,1,352.8,1
16858.0,184,10,4292.59,1
16859.0,77,6,1444.44,0
16860.0,268,3,1610.62,1
16861.0,206,3,772.83,0
16862.0,363,4,662.33,1
16863.0,182,2,495.72,0
16864.0,250,2,409.25,1
16865.0,217,1,130.95,1
16867.0,505,1,76.74000000000001,1
16868.0,210,3,384.56,1
16870.0,285,1,450.16,1
16871.0,26,4,2037.82,0
16872.0,0,4,921.47,0
16873.0,13,9,10727.22,0
16874.0,195,1,209.89000000000001,1
16875.0,112,9,2944.09,0
16876.0,219,1,136.01,1
16877.0,24,1,77.75,0
16880.0,5,2,591.66,0
16882.0,55,2,215.70000000000002,0
16883.0,3,19,2246.06,1
16884.0,372,2,641.13,0
16885.0,173,2,412.14,0
16886.0,272,1,134.0,1
16887.0,216,2,465.84000000000003,0
16888.0,216,3,434.2,1
16889.0,10,6,2526.65,1
16890.0,292,3,285.41,1
16891.0,187,7,1202.77,0
16892.0,370,2,236.56,0
16893.0,182,2,249.89000000000001,1
16894.0,318,3,1306.96,1
16895.0,254,4,900.63,0
16896.0,371,1,103.95,1
16897.0,115,2,289.78,1
16898.0,184,3,496.26,0
16899.0,23,4,772.26,0
16901.0,545,1,204.26,1
16903.0,196,2,678.55,0
16904.0,41,11,2256.76,0
16905.0,52,13,2491.35,0
16906.0,2,6,1244.32,0
16907.0,50,7,1073.24,0
16908.0,538,1,252.59,1
16911.0,451,2,255.25,1
16912.0,23,9,3050.79,0
16913.0,106,3,423.91,1
16915.0,64,7,1088.29,0
16916.0,188,3,536.04,0
16917.0,92,2,1851.88,1
16918.0,133,11,2413.5,0
16919.0,8,22,4372.76,0
16920.0,227,1,355.45,1
16921.0,258,2,255.03,0
16922.0,388,1,611.08,1
16923.0,3,24,9772.79,0
16925.0,356,1,125.65,1
16926.0,187,5,1169.6100000000001,1
16927.0,92,2,341.45,0
16928.0,6,19,2184.89,0
16931.0,10,11,2380.46,0
16932.0,239,2,262.32,0
16933.0,55,8,2760.8,0
16934.0,199,4,1152.1100000000001,0
16935.0,197,3,530.86,1
16936.0,201,1,286.39,0
16937.0,315,1,196.25,1
16938.0,124,6,4551.28,0
16939.0,304,3,433.84999999999997,1
16940.0,105,6,4135.46,0
16941.0,427,1,33.0,1
16942.0,5,4,898.54,0
16943.0,27,5,1299.49,1
16944.0,425,1,101.36,1
16945.0,17,22,5976.34,0
16946.0,199,5,1222.04,1
16947.0,51,5,955.21,1
16948.0,77,6,674.29,0
16949.0,1,4,893.75,0
16950.0,183,8,2535.21,0
16951.0,120,1,1053.79,0
16952.0,257,3,628.22,0
16954.0,70,14,4938.28,0
16955.0,0,6,1120.31,1
16957.0,55,2,416.64,1
16958.0,251,1,778.49,1
16960.0,68,6,1685.36,0
16961.0,204,2,560.39,0
16962.0,225,1,251.04,1
16963.0,3,1,110.55000000000001,1
16964.0,549,2,207.85,1
16965.0,42,1,201.19,1
16966.0,13,3,1154.4,0
16967.0,5,1,319.02,1
16969.0,7,1,397.36,0
16970.0,442,1,71.4,1
16972.0,198,2,749.0,1
16973.0,202,1,127.0,1
16974.0,338,2,365.5,1
16975.0,239,3,926.12,1
16976.0,83,1,251.51999999999998,1
16977.0,211,4,496.0,1
16978.0,482,2,424.55,0
16979.0,113,4,1354.89,0
16980.0,71,3,1422.83,1
16983.0,87,7,2207.0,0
16984.0,220,7,5891.01,0
16985.0,27,19,8374.4,0
16986.0,261,9,3015.55,0
16987.0,21,5,1117.65,0
16988.0,195,1,256.55,0
16990.0,34,2,344.0,1
16991.0,237,1,1041.21,1
16992.0,15,10,4533.34,0
16993.0,279,2,1950.95,1
16996.0,61,7,1367.5300000000002,0
16997.0,104,3,702.0,1
16998.0,20,4,394.1,0
17000.0,212,2,406.3,1
17001.0,23,13,4453.17,0
17002.0,31,6,2071.34,0
17003.0,218,4,828.21,1
17004.0,208,2,1012.22,0
17005.0,286,2,622.36,1
17006.0,208,4,853.49,0
17007.0,17,5,692.9,0
17008.0,245,1,81.36,1
17009.0,367,1,242.06,1
17011.0,463,2,400.8,0
17012.0,541,1,360.61,1
17015.0,1,1,520.55,0
17016.0,392,1,552.4,1
17017.0,20,20,8376.55,0
17018.0,141,5,1772.6,0
17019.0,77,10,3340.14,0
17020.0,358,2,935.62,1
17021.0,258,6,1182.22,1
17022.0,248,1,189.0,0
17023.0,233,3,800.1800000000001,1
17025.0,189,4,1152.8700000000001,0
17026.0,1,3,175.83,1
17027.0,99,6,866.3,0
17028.0,397,3,1593.83,1
17029.0,52,6,1779.3,0
17031.0,194,4,2393.5,0
17032.0,363,8,2984.32,1
17033.0,30,3,910.75,0
17034.0,103,3,672.7,0
17035.0,61,4,613.59,1
17036.0,199,1,176.9,1
17038.0,231,1,630.77,0
17039.0,420,1,1954.99,1
17040.0,366,1,13.52,0
17041.0,176,4,888.21,0
17042.0,12,2,487.59,0
17043.0,82,5,1033.07,0
17044.0,190,11,11013.82,0
17045.0,63,3,528.19,0
17046.0,260,4,1264.05,0
17047.0,21,5,1937.76,0
17048.0,98,6,1906.73,0
17049.0,30,13,5869.3,0
17050.0,3,10,4080.34,0
17051.0,10,4,706.49,1
17054.0,23,3,918.82,0
17055.0,261,1,232.85000000000002,1
17056.0,554,1,128.60000000000002,1
17057.0,412,1,294.74,1
17058.0,15,2,819.6600000000001,0
17059.0,13,7,3281.85,0
17060.0,82,1,234.24,1
17061.0,8,7,3250.23,0
17062.0,129,6,889.75,1
17063.0,105,8,2496.76,0
17064.0,143,1,143.95,0
17065.0,453,2,194.7,1
17066.0,542,1,228.34,1
17067.0,540,3,454.54,1
17068.0,5,37,7084.39,0
17069.0,42,9,3880.6,0
17070.0,226,1,133.18,0
17071.0,3,8,2408.7000000000003,0
17072.0,441,1,273.35,1
17074.0,378,1,203.05,1
17075.0,69,9,2098.58,0
17076.0,89,5,735.87,0
17077.0,394,1,306.0,1
17080.0,85,6,746.23,0
17081.0,211,4,660.48,0
17082.0,134,5,3365.12,0
17083.0,111,8,3640.0299999999997,0
17084.0,212,1,2253.22,0
17085.0,66,27,7499.92,0
17087.0,553,1,221.53,1
17088.0,69,1,1015.83,0
17089.0,202,1,128.45,1
17090.0,43,9,1754.5800000000002,0
17091.0,1,15,5662.400000000001,0
17092.0,93,8,3872.28,0
17093.0,408,1,235.88,1
17094.0,138,2,402.20000000000005,1
17095.0,115,6,1792.05,0
17096.0,77,8,2809.29,0
17097.0,140,3,476.58,0
17098.0,197,3,591.07,1
17099.0,349,1,582.17,1
17101.0,210,3,885.32,0
17102.0,77,1,25.5,1
17103.0,538,1,424.3,1
17104.0,239,1,474.03000000000003,1
17105.0,122,1,319.4,0
17106.0,205,1,481.58000000000004,1
17107.0,24,6,9372.6,0
17108.0,479,1,174.95,1
17109.0,48,4,875.01,0
17110.0,336,2,336.6,0
17111.0,241,1,227.97,0
17112.0,318,1,197.57,1
17113.0,390,6,2305.59,1
17114.0,24,4,444.44,0
17115.0,49,5,2234.01,0
17116.0,464,1,389.78,1
17117.0,104,1,116.2,1
17118.0,133,1,157.02,1
17120.0,49,1,307.46,1
17121.0,218,1,314.74,1
17122.0,204,3,432.18,0
17123.0,255,2,631.87,0
17124.0,1,1,294.24,1
17126.0,115,6,1528.65,0
17127.0,244,5,1155.0300000000002,1
17128.0,150,1,157.09,1
17129.0,336,1,31.85,1
17132.0,268,2,1220.91,1
17133.0,6,8,12208.880000000001,0
17134.0,80,2,530.8,0
17135.0,105,5,1083.0,0
17136.0,478,1,231.68,1
17137.0,232,6,1099.81,1
17138.0,91,7,4417.27,1
17139.0,26,17,13621.89,0
17140.0,63,1,454.12,1
17141.0,234,4,727.58,1
17142.0,55,4,1275.25,1
17143.0,233,2,880.97,1
17145.0,328,4,3120.91,1
17146.0,79,12,5666.74,0
17147.0,22,7,2458.47,0
17149.0,267,1,143.10000000000002,1
17150.0,192,6,1357.95,1
17151.0,551,1,231.90000000000003,1
17152.0,10,4,2016.5,1
17155.0,343,5,640.76,0
17156.0,307,1,591.87,1
17157.0,296,17,4832.900000000001,0
17158.0,48,4,1411.58,0
17159.0,293,2,560.71,0
17160.0,41,13,7896.2,0
17161.0,260,1,856.01,1
17162.0,6,8,1165.28,0
17163.0,261,2,406.68,0
17164.0,28,2,943.22,0
17165.0,100,6,1794.32,1
17166.0,19,1,127.59,0
17167.0,195,3,867.11,1
17168.0,314,1,400.2,1
17169.0,394,1,320.95,0
17170.0,190,2,178.68,1
17171.0,105,2,384.59000000000003,1
17172.0,246,2,638.81,0
17174.0,33,1,59.9,1
17175.0,112,1,519.08,0
17176.0,17,3,902.3199999999999,1
17177.0,321,1,119.5,1
17178.0,547,1,432.96000000000004,1
17179.0,48,5,1283.78,0
17180.0,57,10,2005.6,0
17181.0,189,2,225.45000000000002,0
17182.0,238,2,321.3,1
17184.0,385,2,198.41000000000003,1
17185.0,407,3,229.46,1
17187.0,42,2,467.71,1
17188.0,131,9,3543.14,0
17189.0,175,4,796.45,0
17190.0,23,6,1476.83,0
17191.0,7,13,3392.36,0
17192.0,352,1,75.28,1
17193.0,202,2,610.74,0
17194.0,89,3,812.5,1
17195.0,471,1,562.98,1
17196.0,243,1,327.75,1
17198.0,181,2,521.66,0
17199.0,398,1,135.04000000000002,1
17200.0,203,4,356.71,1
17201.0,339,3,853.32,0
17202.0,236,1,160.65,1
17203.0,204,4,2004.01,0
17204.0,57,7,5190.29,0
17205.0,232,2,615.27,0
17207.0,468,1,292.62,1
17208.0,211,1,111.15,1
17209.0,465,3,595.7,1
17210.0,208,1,251.72,1
17211.0,49,10,2710.07,0
17212.0,69,3,794.41,1
17213.0,132,9,3025.12,0
17214.0,65,4,611.97,0
17215.0,280,1,186.15,1
17216.0,370,1,63.6,1
17217.0,50,2,210.1,1
17218.0,30,13,2883.0,0
17219.0,232,1,144.9,0
17220.0,22,12,2732.59,0
17221.0,407,3,642.14,0
17222.0,293,5,1250.8600000000001,0
17223.0,126,3,558.04,1
17224.0,317,1,100.86000000000001,1
17225.0,397,1,131.15,1
17226.0,124,3,895.47,1
17227.0,72,8,1305.76,0
17228.0,23,9,1601.52,0
17230.0,80,18,9388.49,1
17231.0,6,21,5644.83,0
17233.0,264,2,369.98,0
17235.0,188,7,1354.82,0
17236.0,58,10,1576.95,0
17237.0,191,2,679.44,0
17238.0,0,24,5144.41,0
17239.0,128,4,1189.45,1
17240.0,412,1,130.60000000000002,1
17241.0,201,12,2736.64,1
17242.0,272,3,1754.24,0
17243.0,52,54,14440.03,0
17244.0,199,4,871.14,0
17245.0,20,2,371.63,1
17246.0,362,2,38.92,1
17248.0,297,1,181.89000000000001,0
17249.0,244,1,68.03,1
17250.0,77,1,162.65,0
17251.0,178,3,798.98,1
17252.0,2,1,337.01,0
17254.0,217,1,198.29,0
17255.0,115,3,598.48,0
17256.0,128,4,386.83,0
17257.0,252,2,189.78,1
17258.0,212,2,417.3,1
17259.0,184,5,1239.11,0
17260.0,227,1,120.95,1
17261.0,325,1,221.59,1
17262.0,43,10,2190.76,0
17263.0,24,1,63.440000000000005,1
17264.0,240,1,268.28,1
17266.0,315,2,205.14,0
17268.0,59,9,1246.73,0
17269.0,201,1,491.81,1
17270.0,285,2,601.45,1
17271.0,552,1,204.3,1
17272.0,15,2,1409.44,0
17273.0,240,1,141.12,1
17274.0,211,1,465.4,0
17275.0,199,1,114.1,1
17276.0,218,1,502.49,1
17277.0,43,2,1065.3500000000001,1
17278.0,57,2,271.24,1
17280.0,254,1,118.86,1
17281.0,190,6,797.85,1
17282.0,115,3,1346.98,0
17283.0,194,1,188.46,1
17284.0,51,4,2063.93,0
17285.0,444,2,407.94,1
17286.0,216,2,237.81,0
17287.0,21,18,3278.14,0
17288.0,23,9,1714.5,0
17289.0,192,6,1110.78,0
17290.0,197,6,974.95,0
17291.0,124,1,550.8000000000001,1
17292.0,288,2,271.75,1
17293.0,124,10,2365.92,0
17294.0,485,2,467.79,1
17296.0,546,1,338.13,1
17298.0,190,3,455.84,0
17299.0,255,2,336.62,0
17300.0,206,2,393.64,1
17301.0,440,1,131.15,0
17302.0,24,2,303.12,0
17303.0,177,1,250.04,1
17304.0,350,1,111.5,1
17305.0,464,1,2135.46,1
17306.0,20,10,4346.7,0
17307.0,211,11,3999.8900000000003,1
17308.0,209,2,4511.76,1
17309.0,197,2,237.64000000000001,0
17310.0,203,2,1025.1,1
17311.0,132,5,2738.17,0
17314.0,72,12,3163.51,0
17315.0,7,25,6219.8,0
17316.0,236,1,124.45,1
17318.0,541,1,157.32999999999998,1
17319.0,485,1,29.099999999999998,1
17320.0,52,5,2154.33,0
17321.0,210,4,1008.05,0
17322.0,192,5,922.59,1
17323.0,31,7,935.59,0
17324.0,147,10,1886.82,0
17325.0,96,3,609.5699999999999,1
17326.0,224,2,312.35,1
17327.0,225,2,152.35,1
17328.0,489,1,104.7,1
17329.0,131,4,718.78,0
17330.0,360,2,59.900000000000006,0
17332.0,344,5,838.27,1
17334.0,118,3,635.1500000000001,1
17335.0,199,2,497.04,1
17336.0,288,1,81.12,1
17337.0,27,3,1948.11,0
17338.0,21,14,9016.64,0
17339.0,181,2,119.0,0
17340.0,8,11,13067.47,0
17341.0,182,3,1006.53,0
17342.0,195,4,1227.54,1
17343.0,171,6,1259.94,1
17344.0,544,1,299.74,0
17345.0,12,8,1192.32,0
17346.0,3,17,3305.57,0
17348.0,113,5,1445.84,0
17349.0,196,4,674.16,0
17350.0,210,3,612.381,0
17351.0,89,10,1599.68,0
17352.0,512,1,36.25,1
17353.0,307,2,1502.0,0
17354.0,244,3,1740.8999999999999,0
17355.0,202,1,273.31,1
17356.0,127,5,946.47,1
17358.0,119,5,861.01,1
17359.0,464,1,156.6,0
17360.0,0,4,953.17,0
17361.0,2,4,647.51,0
17362.0,55,7,1024.04,1
17363.0,211,3,920.46,1
17364.0,20,22,9595.69,0
17365.0,15,11,5310.12,0
17366.0,248,2,1077.24,1
17367.0,54,1,167.55,1
17368.0,75,9,1768.34,0
17369.0,271,1,979.2,1
17371.0,177,4,329.11,0
17372.0,59,24,3751.18,0
17373.0,128,4,665.83,0
17374.0,34,3,727.11,1
17375.0,15,4,660.55,1
17376.0,127,3,356.29,0
17377.0,71,65,15183.57,0
17378.0,190,1,10.95,1
17380.0,250,3,645.0,1
17381.0,19,25,29941.17,0
17382.0,251,7,836.88,0
17383.0,269,1,110.7,0
17384.0,35,2,398.79999999999995,0
17386.0,201,1,126.35000000000001,0
17388.0,27,9,2179.01,0
17389.0,1,41,30509.19,0
17390.0,236,1,149.3,1
17392.0,122,3,585.92,1
17393.0,226,2,381.15000000000003,1
17394.0,35,1,203.86999999999998,1
17395.0,324,1,97.5,1
17396.0,187,7,1476.3,0
17397.0,232,1,516.87,0
17398.0,26,2,528.45,0
17400.0,26,7,3832.06,0
17401.0,357,1,114.85,1
17402.0,49,14,2786.08,0
17403.0,266,1,118.95,0
17404.0,27,14,29727.920000000002,0
17406.0,149,13,4186.95,1
17407.0,227,1,552.9,1
17408.0,316,2,283.44,0
17409.0,0,10,7793.51,1
17410.0,31,1,302.4,0
17411.0,77,3,932.0200000000001,0
17412.0,12,13,3671.98,0
17413.0,220,2,560.14,1
17414.0,0,5,2069.52,0
17416.0,13,18,13853.04,0
17417.0,364,1,164.18,1
17418.0,139,2,373.99,0
17419.0,65,13,3945.48,0
17420.0,189,4,485.6,0
17421.0,202,3,1059.41,1
17422.0,36,7,2243.46,0
17423.0,33,2,869.96,0
17426.0,98,8,4234.39,0
17428.0,28,30,21498.73,0
17429.0,1,4,1208.68,0
17430.0,181,3,469.40999999999997,0
17431.0,129,1,403.3,1
17432.0,201,7,1363.23,0
17433.0,201,1,266.8,0
17435.0,227,1,331.35,1
17436.0,42,4,440.16,0
17437.0,345,1,369.68,1
17438.0,69,5,1422.77,1
17439.0,471,1,325.74,1
17440.0,63,3,261.78,0
17441.0,548,1,293.35,1
17442.0,36,11,3186.57,0
17443.0,35,1,534.24,1
17446.0,126,1,68.1,0
17448.0,313,46,14523.67,1
17449.0,50,9,3671.63,0
17450.0,8,19,106153.72,0
17454.0,8,10,1547.94,1
17455.0,19,1,131.7,1
17456.0,181,2,975.5600000000001,1
17457.0,20,13,5644.75,0
17458.0,197,1,213.08,0
17460.0,41,15,1998.1200000000001,0
17462.0,100,1,463.40999999999997,0
17463.0,49,4,1585.1100000000001,0
17464.0,338,2,617.1800000000001,0
17465.0,241,7,2542.79,1
17467.0,211,1,102.6,1
17468.0,191,1,57.8,0
17469.0,20,13,3485.64,0
17470.0,33,9,2124.5099999999998,0
17471.0,290,1,321.65000000000003,1
17472.0,7,4,922.35,1
17473.0,224,2,607.0,1
17474.0,415,1,1047.0,1
17476.0,211,2,489.86,1
17477.0,428,2,1144.3,1
17478.0,224,2,1272.8000000000002,1
17479.0,448,1,389.26000000000005,1
17480.0,260,1,370.41,0
17482.0,303,2,775.64,1
17483.0,230,1,177.69,0
17484.0,392,2,209.57,1
17486.0,77,1,396.87,1
17487.0,544,1,160.55,1
17488.0,457,1,336.5,1
17489.0,28,1,208.56,0
17490.0,204,2,658.1800000000001,0
17491.0,0,11,3419.66,0
17492.0,64,3,1122.42,1
17493.0,201,1,100.91,1
17494.0,317,1,54.7,1
17495.0,206,1,309.16,0
17496.0,174,4,1412.89,1
17497.0,206,2,287.25,1
17499.0,105,2,1341.3899999999999,1
17501.0,36,2,288.6,1
17504.0,22,18,9490.17,1
17505.0,21,4,1776.63,0
17507.0,77,2,605.58,1
17508.0,96,8,4579.23,1
17510.0,236,1,206.08,0
17511.0,22,44,116820.89,0
17512.0,16,14,3845.25,0
17513.0,224,2,645.6,0
17514.0,485,1,313.35,0
17515.0,22,8,1534.86,0
17516.0,33,4,634.63,0
17517.0,124,1,153.94,1
17518.0,241,2,329.42,1
17519.0,22,12,3885.75,0
17521.0,15,3,714.41,0
17522.0,22,2,248.42,0
17524.0,177,3,539.14,1
17525.0,175,3,1161.9,1
17526.0,106,11,3616.14,0
17527.0,34,1,292.11,0
17529.0,426,2,1240.25,1
17530.0,22,8,1789.83,0
17531.0,6,3,1266.82,1
17532.0,201,1,65.34,1
17533.0,250,1,34.8,1
17534.0,267,4,1445.47,0
17535.0,96,1,164.4,1
17536.0,236,2,288.33,0
17537.0,119,1,620.75,0
17539.0,433,4,1176.84,1
17540.0,132,5,1280.5,0
17541.0,325,1,119.86,1
17542.0,85,3,340.85,1
17543.0,365,1,120.05,1
17544.0,206,3,944.82,1
17545.0,206,3,767.54,0
17547.0,191,2,727.85,1
17548.0,49,4,731.26,1
17550.0,13,9,2506.64,1
17551.0,175,1,290.34,1
17552.0,188,10,2154.88,0
17553.0,288,3,2270.0,0
17555.0,150,4,760.88,0
17556.0,21,2,300.67,1
17557.0,548,1,34.0,0
17558.0,209,1,259.17,1
17559.0,328,1,167.62,1
17560.0,20,6,1526.9,0
17561.0,206,3,537.9,0
17563.0,394,2,392.38,1
17565.0,402,1,131.83,1
17567.0,49,5,2380.57,0
17568.0,449,1,374.45,1
17569.0,148,1,344.14,1
17570.0,197,1,100.0,1
17571.0,93,3,563.54,0
17572.0,54,8,577.6600000000001,0
17574.0,58,1,185.65,1
17575.0,483,1,171.7,1
17576.0,30,31,6549.7,0
17577.0,461,2,348.75,1
17578.0,34,7,1047.33,1
17579.0,394,1,304.38,0
17580.0,68,5,541.02,1
17581.0,29,28,10345.49,0
17582.0,52,5,1446.95,1
17583.0,376,1,135.95,1
17584.0,283,4,4067.12,0
17585.0,79,5,1469.56,0
17586.0,435,1,167.4,1
17587.0,444,1,176.71,1
17588.0,48,5,2096.55,0
17589.0,3,16,12645.19,0
17591.0,19,6,1762.92,0
17592.0,554,1,148.3,1
17593.0,168,7,4831.36,0
17594.0,70,3,1819.7,0
17596.0,7,9,2971.98,0
17597.0,29,5,3484.09,1
17598.0,197,1,409.98,1
17599.0,293,1,52.05,1
17601.0,55,2,413.08,1
17602.0,140,9,3067.06,0
17603.0,433,3,1393.66,0
17604.0,33,6,942.38,1
17605.0,406,1,160.75,1
17606.0,553,1,87.30000000000001,1
17607.0,192,1,333.81,1
17608.0,265,2,296.07,0
17609.0,118,8,1313.37,0
17610.0,356,5,1511.94,1
17611.0,17,19,6375.25,0
17612.0,30,14,4012.16,0
17613.0,10,7,2512.41,0
17615.0,19,5,664.5,0
17616.0,70,3,571.1999999999999,0
17617.0,374,1,385.19,1
17618.0,64,10,3696.84,0
17619.0,128,1,214.37,1
17621.0,128,5,2697.0,0
17622.0,413,2,1130.21,1
17623.0,225,6,1838.72,0
17624.0,34,3,1125.45,0
17625.0,73,5,4500.53,0
17626.0,418,1,254.0,1
17627.0,294,1,296.36,1
17629.0,30,5,1247.59,0
17630.0,48,1,335.5,0
17631.0,48,5,772.71,0
17633.0,195,3,732.55,0
17634.0,28,5,1811.29,0
17635.0,240,3,1265.58,1
17638.0,463,2,842.4000000000001,1
17639.0,92,6,615.17,1
17640.0,195,5,2547.28,0
17642.0,245,3,1112.2,0
17643.0,189,2,439.7,1
17644.0,19,12,4054.73,0
17646.0,35,12,3898.79,1
17647.0,485,2,198.6,0
17648.0,8,4,1526.26,0
17649.0,285,2,710.4,0
17651.0,314,6,1758.52,0
17652.0,6,3,1443.6000000000001,0
17654.0,93,1,117.55,1
17655.0,26,6,1940.14,0
17657.0,246,1,126.0,1
17658.0,27,1,317.6,0
17659.0,0,7,1715.55,0
17660.0,553,1,163.47,0
17662.0,477,2,412.92,1
17663.0,14,13,4163.7300000000005,0
17664.0,28,3,887.7800000000001,0
17665.0,309,1,563.1,1
17666.0,293,3,1319.6399999999999,0
17667.0,27,7,3251.86,0
17669.0,26,6,4346.63,0
17670.0,43,1,205.7,1
17671.0,27,3,1223.18,0
17672.0,125,6,3778.3,0
17673.0,2,10,3612.0099999999998,0
17674.0,184,1,300.66,0
17675.0,3,52,25013.81,0
17676.0,182,5,1378.16,0
17677.0,28,35,24958.16,0
17678.0,79,2,599.76,1
17679.0,337,5,1585.5,0
17680.0,199,2,313.05,0
17681.0,413,5,731.2,1
17682.0,8,8,2698.36,0
17683.0,201,3,819.01,1
17685.0,82,10,3811.84,0
17686.0,16,6,5594.1,0
17687.0,236,1,432.68,1
17688.0,209,1,304.2,1
17689.0,204,2,317.08,1
17690.0,2,15,5269.78,0
17691.0,174,4,637.55,1
17692.0,42,11,2858.32,0
17694.0,327,2,1412.85,0
17695.0,210,3,980.6999999999999,0
17696.0,1,23,6231.47,0
17697.0,52,1,338.95,1
17698.0,76,1,154.95,1
17699.0,292,2,442.0,1
17700.0,29,12,5270.9,0
17701.0,68,1,417.95,1
17702.0,22,3,1759.47,0
17703.0,234,1,296.1,0
17704.0,55,1,387.29,0
17705.0,31,5,617.68,0
17706.0,3,19,10958.93,0
17707.0,1,8,609.3,1
17708.0,3,4,884.1800000000001,1
17709.0,286,4,533.5600000000001,0
17710.0,239,1,293.5,1
17711.0,105,1,220.53000000000003,0
17713.0,198,4,1198.09,1
17714.0,136,5,1410.18,1
17715.0,16,2,489.59999999999997,1
17716.0,65,15,11752.6,0
17717.0,237,1,376.92,1
17718.0,48,2,439.18,1
17719.0,6,5,1971.46,0
17720.0,41,8,2003.35,0
17721.0,475,1,307.21000000000004,1
17722.0,5,4,3197.06,0
17723.0,7,4,1263.8000000000002,0
17725.0,8,4,1269.63,0
17726.0,211,7,1092.06,1
17728.0,220,2,1362.75,0
17729.0,412,1,438.65000000000003,1
17730.0,1,12,4506.72,0
17731.0,437,2,468.88,0
17732.0,188,8,2166.42,1
17733.0,77,1,216.95000000000002,0
17734.0,49,4,854.67,0
17735.0,3,17,9801.47,0
17738.0,98,10,3084.4300000000003,0
17739.0,12,14,6010.01,0
17740.0,205,6,426.90000000000003,1
17741.0,222,2,101.1,1
17742.0,148,10,2045.94,0
17743.0,264,1,229.2,1
17744.0,66,5,1615.7,0
17745.0,293,2,600.34,1
17746.0,56,4,904.1800000000001,1
17748.0,343,1,358.15,1
17749.0,72,2,720.67,0
17751.0,237,1,157.85999999999999,1
17752.0,175,1,80.64,1
17753.0,280,4,382.06,1
17754.0,76,9,3050.81,0
17756.0,191,3,728.75,1
17757.0,7,41,5910.4,0
17758.0,24,7,2607.71,0
17759.0,209,2,441.92,0
17760.0,189,5,631.34,0
17762.0,272,1,129.75,1
17763.0,79,4,86.15,1
17764.0,27,4,971.69,0
17765.0,26,3,414.67,0
17766.0,197,2,299.61,1
17767.0,226,1,141.85,0
17768.0,203,4,1210.83,0
17769.0,94,9,3972.71,0
17770.0,14,5,1143.27,1
17771.0,139,3,257.4,0
17772.0,208,1,187.3,0
17773.0,330,2,575.37,1
17774.0,65,7,2655.09,0
17775.0,70,1,56.4,1
17776.0,202,2,330.56,1
17778.0,477,1,197.70000000000002,1
17780.0,483,3,346.56,1
17781.0,69,1,102.0,0
17782.0,198,2,679.02,1
17783.0,63,2,205.9,0
17784.0,366,1,112.86,1
17785.0,261,2,271.44,0
17786.0,133,1,103.35,0
17787.0,120,3,1668.52,0
17789.0,97,2,397.15,1
17790.0,14,15,1712.1200000000001,0
17792.0,283,2,368.35,1
17794.0,502,2,147.3,1
17795.0,80,1,155.69,0
17796.0,129,6,1160.49,0
17797.0,211,5,1191.44,0
17798.0,397,1,178.07,1
17799.0,58,16,4594.99,0
17800.0,33,3,354.85,0
17801.0,267,3,770.03,1
17802.0,188,8,3761.38,0
17803.0,208,1,184.66,1
17804.0,192,3,383.78000000000003,1
17805.0,426,1,414.72,0
17807.0,211,3,437.87,1
17808.0,364,4,262.64,1
17809.0,33,14,7324.68,0
17810.0,484,2,373.16,1
17811.0,3,26,5793.66,0
17812.0,184,4,405.48,0
17814.0,191,2,1609.37,1
17815.0,209,1,591.96,1
17816.0,85,4,80.86,0
17817.0,93,5,670.17,0
17818.0,553,1,124.78,1
17819.0,10,10,5185.2,0
17820.0,190,1,180.60999999999999,1
17821.0,222,1,334.62,1
17822.0,236,5,2162.93,1
17823.0,237,2,449.25,1
17825.0,414,4,701.96,1
17826.0,190,1,133.34,1
17827.0,58,5,1969.31,0
17828.0,0,1,833.1600000000001,0
17829.0,114,5,4756.74,1
17830.0,77,2,287.65000000000003,0
17833.0,539,1,338.46000000000004,1
17834.0,230,2,689.6700000000001,1
17838.0,108,11,4538.84,0
17840.0,259,1,175.9,1
17841.0,0,136,40286.63,0
17842.0,418,1,430.69,1
17843.0,119,2,320.4,1
17845.0,371,4,596.09,1
17847.0,331,2,129.69,1
17848.0,65,25,3046.28,0
17849.0,34,8,1063.76,1
17850.0,188,155,51208.87,1
17851.0,238,6,1552.35,1
17852.0,204,3,543.47,0
17853.0,223,3,1596.29,1
17854.0,1,6,1068.5,1
17855.0,188,1,208.97,1
17856.0,49,3,1142.63,0
17857.0,22,10,9251.84,0
17858.0,77,24,9982.79,0
17859.0,120,1,141.92,1
17860.0,184,4,717.39,1
17861.0,69,12,3448.39,0
17862.0,139,4,1254.89,1
17863.0,70,9,3572.38,0
17864.0,91,3,522.57,0
17865.0,20,33,19947.53,0
17866.0,300,2,805.3000000000001,0
17867.0,19,11,1028.23,0
17868.0,202,1,227.15,1
17869.0,31,5,696.42,0
17870.0,182,2,1213.8,0
17871.0,20,5,1068.95,1
17872.0,197,1,235.87,1
17873.0,0,17,5993.29,0
17874.0,1,6,683.46,1
17875.0,504,1,167.1,1
17876.0,215,3,3424.02,1
17878.0,211,2,999.48,0
17880.0,180,3,824.9200000000001,1
17881.0,120,1,133.35,1
17882.0,195,2,291.56,1
17883.0,62,4,443.43,0
17884.0,127,19,2593.94,0
17886.0,26,5,1080.98,0
17888.0,28,20,1260.17,0
17889.0,28,7,746.42,1
17890.0,138,2,586.89,1
17893.0,41,1,107.21,1
17894.0,101,16,2052.62,0
17897.0,183,8,1968.75,0
17898.0,23,3,246.96,0
17900.0,6,2,112.19999999999999,1
17901.0,337,2,149.7,0
17902.0,362,1,216.4,1
17903.0,210,1,381.09000000000003,1
17905.0,168,11,1772.78,0
17906.0,63,1,72.9,1
17907.0,456,1,291.76,1
17908.0,189,5,1142.47,1
17909.0,553,1,110.05,1
17910.0,542,1,261.7,1
17912.0,126,6,374.55,1
17913.0,171,13,3238.69,0
17915.0,367,1,225.78,1
17916.0,444,2,43.87,1
17917.0,72,2,226.71,0
17918.0,316,3,396.39,1
17919.0,254,1,536.28,0
17920.0,16,42,20974.920000000002,0
17921.0,82,7,1852.2,0
17922.0,359,1,170.4,1
17923.0,98,3,497.0,1
17924.0,117,3,797.4,0
17925.0,188,1,244.08,1
17926.0,19,4,849.9300000000001,0
17927.0,537,1,294.0,1
17928.0,62,2,206.96,0
17929.0,70,10,2674.1,0
17930.0,55,9,2925.34,0
17931.0,71,13,3291.08,0
17932.0,27,1,589.01,0
17933.0,448,1,114.69,1
17934.0,222,1,344.90000000000003,0
17935.0,216,5,540.35,0
17937.0,73,4,3327.48,0
17938.0,236,1,144.29,1
17940.0,34,11,29662.29,0
17941.0,406,3,1128.72,0
17944.0,239,1,74.99,1
17945.0,512,3,360.35,1
17946.0,49,2,149.57999999999998,1
17949.0,5,88,69435.6,0
17950.0,181,6,947.26,0
17951.0,174,3,741.5400000000001,0
17952.0,194,4,788.46,1
17953.0,356,1,159.17000000000002,1
17954.0,0,15,3006.69,0
17955.0,14,6,949.9,1
17956.0,65,1,12.75,1
17958.0,544,1,465.41999999999996,0
17959.0,408,1,140.75,1
17960.0,338,2,61.300000000000004,0
17961.0,12,81,2444.69,0
17962.0,365,3,564.55,0
17963.0,287,4,643.16,1
17964.0,188,1,261.76,0
17965.0,68,21,5731.24,0
17966.0,0,7,1148.99,0
17967.0,187,2,223.42,1
17968.0,189,4,590.44,1
17969.0,177,19,2251.29,0
17970.0,27,1,562.79,1
17971.0,364,1,161.94,1
17972.0,57,1,135.19,1
17974.0,35,4,1199.17,0
17975.0,8,18,4993.24,0
17976.0,188,1,321.79,1
17977.0,216,1,1223.31,0
17978.0,181,4,1159.99,1
17979.0,75,2,231.67,0
17980.0,20,3,764.02,0
17981.0,226,1,239.12,1
17982.0,496,1,138.18,1
17983.0,211,1,171.71,1
17984.0,208,4,999.51,0
17987.0,1,5,965.4399999999999,1
17988.0,142,8,353.41,0
17989.0,195,1,207.33,1
17990.0,52,6,1527.6100000000001,1
17991.0,41,3,300.3,1
17992.0,205,1,252.88,1
17993.0,433,1,225.99,1
17994.0,5,10,2149.32,0
17995.0,97,3,495.48,1
17996.0,195,3,482.33,1
17998.0,196,3,639.24,1
17999.0,182,2,338.41,0
18000.0,380,1,124.25,1
18001.0,265,4,509.01,0
18002.0,191,4,244.37,1
18003.0,192,1,353.51,1
18004.0,178,1,157.92,1
18006.0,197,3,524.83,0
18007.0,208,1,215.22,1
18008.0,19,21,19708.3,0
18009.0,51,8,2144.23,1
18010.0,72,1,174.8,1
18011.0,189,2,410.79,1
18012.0,539,1,115.3,1
18016.0,2,5,959.76,0
18017.0,126,2,330.0,0
18018.0,15,3,213.3,0
18020.0,359,1,190.48000000000002,1
18021.0,325,2,216.41,1
18022.0,201,4,894.53,0
18025.0,195,6,1177.72,1
18026.0,316,2,2074.07,1
18028.0,399,1,192.05,1
18029.0,458,1,433.77,1
18031.0,194,1,451.3,1
18032.0,150,1,73.5,1
18034.0,191,1,335.52,0
18035.0,201,2,546.34,0
18036.0,61,9,1252.32,0
18037.0,41,14,158.22,0
18038.0,372,1,141.48,1
18039.0,190,4,548.22,1
18040.0,61,1,239.00000000000003,0
18041.0,29,30,6473.01,0
18042.0,357,1,116.10000000000001,0
18043.0,22,2,421.59,0
18044.0,14,14,2300.22,0
18046.0,465,1,189.63,1
18047.0,197,2,326.09,1
18048.0,19,3,394.93,1
18049.0,253,2,500.92,1
18050.0,175,2,412.06,1
18051.0,450,7,2282.28,1
18052.0,380,1,10877.18,1
18053.0,341,2,271.05,0
18054.0,208,1,176.5,1
18055.0,19,10,6743.83,0
18056.0,104,2,554.6,1
18057.0,209,3,1188.46,1
18058.0,357,2,603.9,0
18060.0,224,2,1185.46,1
18061.0,22,23,5155.02,0
18062.0,36,5,1398.0700000000002,0
18063.0,206,2,186.60000000000002,1
18064.0,51,10,4075.83,0
18065.0,35,21,4621.53,0
18066.0,202,2,1122.4,0
18068.0,105,1,101.7,1
18069.0,51,8,3129.69,0
18070.0,485,1,314.1,1
18071.0,73,6,1169.68,1
18072.0,1,1,247.44,1
18073.0,1,3,504.24,0
18074.0,189,2,1019.44,1
18075.0,20,16,4442.26,0
18076.0,196,1,151.49,1
18077.0,42,11,2373.76,0
18078.0,33,4,725.53,1
18079.0,54,2,2203.61,0
18080.0,58,1,841.4999999999999,0
18083.0,213,1,463.53,1
18084.0,199,2,704.75,0
18085.0,146,4,1341.8500000000001,1
18086.0,90,1,101.34,1
18087.0,106,16,13908.720000000001,0
18089.0,262,1,428.45,1
18090.0,237,1,321.9,1
18091.0,409,1,360.85,1
18092.0,0,14,10295.5,0
18093.0,113,6,3463.71,0
18094.0,34,9,5151.42,0
18095.0,128,5,2303.09,1
18096.0,258,3,808.81,0
18097.0,21,8,3422.08,0
18098.0,212,1,527.94,1
18100.0,366,1,451.56,1
18101.0,190,3,399.61,0
18102.0,1,101,396971.37,0
18103.0,365,1,105.8,1
18106.0,145,6,1441.06,1
18107.0,258,1,165.88,1
18108.0,70,3,848.8100000000001,1
18109.0,10,23,4022.47,0
18110.0,227,1,193.48000000000002,0
18111.0,405,1,405.85,1
18112.0,234,2,420.66999999999996,0
18113.0,184,1,76.32000000000001,1
18114.0,106,1,220.1,1
18115.0,513,1,9.700000000000001,1
18116.0,50,12,1970.93,0
18118.0,2,18,4099.28,0
18119.0,183,1,180.7,1
18120.0,30,1,111.15,1
18123.0,329,1,92.2,0
18124.0,288,1,102.65,1
18125.0,17,3,933.9,0
18127.0,219,1,209.05,0
18128.0,353,1,399.29,1
18129.0,59,1,112.55000000000001,1
18131.0,447,1,222.95999999999998,1
18132.0,320,1,220.13,1
18133.0,28,1,931.5,1
18134.0,414,2,445.0,1
18135.0,6,6,677.53,0
18136.0,27,4,1447.88,0
18137.0,367,2,145.99,1
18138.0,111,1,152.65,1
18140.0,289,1,536.41,1
18141.0,217,2,882.47,1
18142.0,31,1,282.48,0
18144.0,28,14,3609.85,0
18145.0,20,9,3771.9700000000003,0
18146.0,36,1,76.65,0
18148.0,462,1,112.85000000000001,1
18149.0,31,6,1491.56,0
18150.0,17,1,227.57999999999998,0
18151.0,105,5,1538.64,0
18152.0,462,1,426.69,1
18153.0,475,1,246.22,1
18154.0,204,3,533.41,0
18155.0,107,1,113.93,0
18156.0,185,1,186.88,0
18157.0,387,1,213.9,1
18159.0,117,1,530.15,1
18160.0,16,2,684.37,0
18161.0,68,3,730.73,0
18162.0,548,1,371.51,1
18163.0,400,1,728.84,1
18166.0,439,1,175.5,1
18168.0,20,15,3320.35,0
18170.0,33,7,2201.9,0
18171.0,54,6,1670.59,0
18172.0,27,39,13625.72,0
18173.0,15,4,2318.36,0
18174.0,419,1,58.5,0
18175.0,491,1,176.10000000000002,1
18176.0,174,1,476.35,1
18177.0,20,7,1588.55,0
18178.0,35,10,5612.87,0
18179.0,68,6,1857.54,0
18181.0,216,4,821.49,0
18182.0,279,1,291.13,1
18183.0,43,2,632.07,1
18185.0,65,1,304.25,1
18186.0,538,1,329.58000000000004,1
18187.0,447,1,724.89,1
18188.0,106,4,1706.15,0
18189.0,83,2,946.59,0
18190.0,8,5,745.62,1
18191.0,77,2,529.4,1
18193.0,196,2,963.59,0
18194.0,254,5,3188.2,0
18195.0,203,1,101.16,1
18196.0,106,3,1221.34,0
18197.0,391,1,230.1,1
18198.0,3,11,3500.7900000000004,0
18199.0,499,1,344.75,1
18201.0,538,1,447.53000000000003,1
18202.0,15,3,1396.99,1
18203.0,197,3,332.1,0
18204.0,8,1,540.98,0
18206.0,369,1,314.65999999999997,1
18207.0,315,1,544.47,1
18208.0,381,1,360.08,1
18210.0,83,2,289.85,0
18211.0,94,1,137.9,0
18212.0,142,2,514.37,1
18213.0,52,1,232.48000000000002,1
18214.0,346,4,1780.34,1
18215.0,253,4,1933.15,0
18217.0,329,2,323.29,0
18218.0,27,4,1121.84,1
18219.0,30,12,2195.2400000000002,0
18220.0,42,6,1921.76,1
18221.0,0,3,920.34,0
18223.0,21,19,10273.79,0
18224.0,79,1,158.95000000000002,1
18225.0,20,19,9177.91,0
18226.0,1,21,9251.17,0
18227.0,33,2,388.75,1
18229.0,0,17,6083.51,0
18230.0,23,5,2735.1600000000003,0
18231.0,8,28,6854.17,1
18232.0,8,2,370.98,0
18233.0,141,1,440.0,1
18234.0,367,1,179.6,1
18235.0,33,1,430.46000000000004,0
18236.0,2,8,1217.6100000000001,0
18238.0,331,1,270.92,1
18239.0,34,6,1712.26,1
18241.0,33,5,1279.73,0
18242.0,12,6,2066.8,0
18243.0,230,1,515.78,1
18244.0,246,2,568.64,1
18245.0,27,17,5064.21,0
18246.0,49,2,395.62,0
18247.0,230,3,839.73,1
18248.0,2,1,496.46000000000004,0
18250.0,126,1,349.27,1
18251.0,261,8,21964.14,0
18252.0,364,5,1015.42,0
18253.0,458,1,317.88,1
18254.0,397,1,267.9,1
18255.0,272,1,199.85,0
18256.0,203,1,110.69999999999999,1
18257.0,22,7,2983.72,0
18258.0,280,6,2059.67,1
18259.0,182,5,1979.6000000000001,0
18260.0,21,22,9520.130000000001,0
18262.0,209,2,428.06,0
18263.0,68,1,307.6,0
18264.0,314,1,603.25,1
18266.0,250,1,251.1,1
18267.0,488,1,269.37,1
18268.0,407,5,1464.73,0
18269.0,182,1,168.60000000000002,1
18270.0,82,2,273.35,0
18271.0,425,2,680.85,1
18272.0,41,5,2287.94,0
18273.0,73,2,204.0,0
18275.0,394,2,741.85,1
18276.0,208,5,1320.66,0
18277.0,213,4,1069.67,0
18278.0,220,1,240.3,0
18279.0,335,1,231.34,1
18280.0,93,2,488.15000000000003,1
18281.0,393,1,120.32,0
18283.0,16,11,1134.89,0
18284.0,247,1,461.68,1
18285.0,476,1,427.0,1
18286.0,292,2,1296.43,1
18287.0,17,5,3110.9900000000002,0
